,Team,G,MP,FG,FGA,FG%,3P,3PA,3P%,2P,2PA,2P%,FT,FTA,FT%,ORB,DRB,TRB,AST,STL,BLK,TOV,PF,PTS,year
0,Sacramento Kings*,82,241.5,40.0,88.9,.450,6.5,20.2,.322,33.4,68.7,.487,18.5,24.6,.754,12.9,32.1,45.0,23.8,9.6,4.6,16.2,21.1,105.0,2000
1,Detroit Pistons*,82,241.8,37.1,80.9,.459,5.4,14.9,.359,31.8,66.0,.481,23.9,30.6,.781,11.2,30.0,41.2,20.8,8.1,3.3,15.7,24.5,103.5,2000
2,Dallas Mavericks,82,240.6,39.0,85.9,.453,6.3,16.2,.391,32.6,69.8,.468,17.2,21.4,.804,11.4,29.8,41.2,22.1,7.2,5.1,13.7,21.6,101.4,2000
3,Indiana Pacers*,82,240.6,37.2,81.0,.459,7.1,18.1,.392,30.0,62.8,.478,19.9,24.5,.811,10.3,31.9,42.1,22.6,6.8,5.1,14.1,21.8,101.3,2000
4,Milwaukee Bucks*,82,242.1,38.7,83.3,.465,4.8,13.0,.369,33.9,70.2,.483,19.0,24.2,.786,12.4,28.9,41.3,22.6,8.2,4.6,15.0,24.6,101.2,2000
5,Los Angeles Lakers*,82,241.5,38.3,83.4,.459,4.2,12.8,.329,34.1,70.6,.482,20.1,28.9,.696,13.6,33.4,47.0,23.4,7.5,6.5,13.9,22.5,100.8,2000
6,Orlando Magic,82,240.9,38.6,85.5,.452,3.6,10.6,.338,35.1,74.9,.468,19.2,26.1,.735,14.0,31.0,44.9,20.8,9.1,5.7,17.6,24.0,100.1,2000
7,Houston Rockets,82,241.8,36.6,81.3,.450,7.1,19.8,.358,29.5,61.5,.480,19.2,26.2,.733,12.3,31.5,43.8,21.6,7.5,5.3,17.4,20.3,99.5,2000
8,Boston Celtics,82,240.6,37.2,83.9,.444,5.1,15.4,.331,32.2,68.5,.469,19.8,26.5,.745,13.5,29.5,43.0,21.2,9.7,3.5,15.4,27.1,99.3,2000
9,Seattle SuperSonics*,82,241.2,37.9,84.7,.447,6.7,19.6,.339,31.2,65.1,.480,16.6,23.9,.695,12.7,30.3,43.0,22.9,8.0,4.2,14.0,21.7,99.1,2000
10,Denver Nuggets,82,242.1,37.3,84.3,.442,5.7,17.0,.336,31.5,67.2,.469,18.7,25.8,.724,13.1,31.6,44.7,23.3,6.8,7.5,15.6,23.9,99.0,2000
11,Phoenix Suns*,82,241.5,37.7,82.6,.457,5.6,15.2,.368,32.1,67.4,.477,17.9,23.6,.759,12.5,31.2,43.7,25.6,9.1,5.3,16.7,24.1,98.9,2000
12,Minnesota Timberwolves*,82,242.7,39.3,84.3,.467,3.0,8.7,.346,36.3,75.5,.481,16.8,21.6,.780,12.4,30.1,42.5,26.9,7.6,5.4,13.9,23.3,98.5,2000
13,Charlotte Hornets*,82,241.2,35.8,79.7,.449,4.1,12.2,.339,31.7,67.5,.469,22.7,30.0,.758,10.8,32.1,42.9,24.7,8.9,5.9,14.7,20.4,98.4,2000
14,New Jersey Nets,82,241.8,36.3,83.9,.433,5.8,16.8,.347,30.5,67.2,.454,19.5,24.9,.784,12.7,28.2,40.9,20.6,8.8,4.8,13.6,23.3,98.0,2000
15,Portland Trail Blazers*,82,241.2,36.8,78.4,.470,5.0,13.8,.361,31.9,64.7,.493,18.8,24.7,.760,11.8,31.2,43.0,23.5,7.7,4.8,15.2,22.7,97.5,2000
16,Toronto Raptors*,82,240.9,36.3,83.9,.433,5.2,14.3,.363,31.2,69.6,.447,19.3,25.2,.765,13.4,29.9,43.3,23.7,8.1,6.6,13.9,24.3,97.2,2000
17,Cleveland Cavaliers,82,242.1,36.3,82.1,.442,4.2,11.2,.373,32.1,70.9,.453,20.2,26.9,.750,12.3,30.5,42.8,23.7,8.7,4.4,17.4,27.1,97.0,2000
18,Washington Wizards,82,241.5,36.7,81.5,.451,4.1,10.9,.376,32.6,70.6,.462,19.1,25.7,.743,13.0,29.7,42.7,21.6,7.2,4.7,16.1,26.2,96.6,2000
19,Utah Jazz*,82,240.9,36.1,77.8,.464,4.0,10.4,.385,32.1,67.4,.476,20.3,26.2,.773,11.4,29.6,41.0,24.9,7.7,5.4,14.9,24.5,96.5,2000
20,San Antonio Spurs*,82,242.1,36.0,78.0,.462,4.0,10.8,.374,32.0,67.2,.476,20.1,27.0,.746,11.3,32.5,43.8,22.2,7.5,6.7,15.0,20.9,96.2,2000
21,Golden State Warriors,82,240.9,36.5,87.1,.420,4.2,13.0,.323,32.3,74.0,.437,18.3,26.2,.697,15.9,29.7,45.6,22.6,8.9,4.3,15.9,24.9,95.5,2000
22,Philadelphia 76ers*,82,241.8,36.5,82.6,.442,2.5,7.8,.323,34.0,74.8,.454,19.2,27.1,.708,14.0,30.1,44.1,22.2,9.6,4.7,15.7,23.6,94.8,2000
23,Miami Heat*,82,241.8,36.3,78.8,.460,5.4,14.7,.371,30.8,64.1,.481,16.4,22.3,.736,11.2,31.9,43.2,23.5,7.1,6.4,15.0,23.7,94.4,2000
24,Atlanta Hawks,82,241.8,36.6,83.0,.441,3.1,9.9,.317,33.4,73.1,.458,18.0,24.2,.743,14.0,31.3,45.3,18.9,6.1,5.6,15.4,21.0,94.3,2000
25,Vancouver Grizzlies,82,242.1,35.3,78.5,.449,4.0,11.0,.361,31.3,67.6,.463,19.4,25.1,.774,12.3,28.3,40.6,20.7,7.4,4.2,16.8,22.9,93.9,2000
26,New York Knicks*,82,241.8,35.3,77.7,.455,4.3,11.4,.375,31.0,66.3,.468,17.2,22.0,.781,9.8,30.7,40.5,19.4,6.3,4.3,14.6,24.2,92.1,2000
27,Los Angeles Clippers,82,240.3,35.1,82.4,.426,5.2,15.5,.339,29.9,67.0,.446,16.6,22.3,.746,11.6,29.0,40.6,18.0,7.0,6.0,16.2,22.2,92.0,2000
28,Chicago Bulls,82,241.5,31.3,75.4,.415,4.1,12.6,.329,27.1,62.8,.432,18.1,25.5,.709,12.6,28.3,40.9,20.1,7.9,4.7,19.0,23.3,84.8,2000
0,Sacramento Kings*,82,244.9,38.2,85.0,.449,5.8,16.5,.354,32.4,68.5,.472,19.5,25.3,.771,12.0,33.0,45.0,22.6,9.7,5.3,14.9,19.5,101.7,2001
1,Milwaukee Bucks*,82,241.2,38.0,82.9,.458,6.9,18.1,.379,31.1,64.8,.480,18.0,22.9,.787,11.9,30.5,42.4,22.5,8.2,4.7,13.7,23.5,100.7,2001
2,Los Angeles Lakers*,82,242.7,37.9,81.5,.465,5.4,15.5,.344,32.6,66.0,.494,19.4,28.5,.683,13.2,31.5,44.7,23.0,6.9,6.0,14.4,22.8,100.6,2001
3,Dallas Mavericks*,82,241.5,37.6,81.9,.459,6.3,16.5,.381,31.3,65.4,.479,18.9,23.8,.794,10.1,31.4,41.5,21.2,7.5,6.0,13.9,23.3,100.5,2001
4,Toronto Raptors*,82,243.4,37.2,85.0,.437,5.2,14.2,.369,31.9,70.8,.451,18.1,24.2,.747,13.6,30.8,44.5,24.4,7.3,6.3,13.2,21.3,97.6,2001
5,Orlando Magic*,82,243.4,36.7,83.8,.438,6.0,16.4,.364,30.8,67.4,.456,18.0,25.2,.714,13.0,29.9,42.9,22.0,8.2,5.9,15.2,25.3,97.5,2001
6,Minnesota Timberwolves*,82,241.8,38.4,83.8,.458,3.9,11.0,.357,34.5,72.8,.473,16.6,21.2,.785,12.2,30.1,42.3,25.4,8.3,5.6,13.9,23.2,97.3,2001
7,Seattle SuperSonics,82,241.5,36.9,81.1,.456,5.7,14.3,.399,31.3,66.8,.468,17.7,24.2,.732,12.2,29.5,41.7,21.9,8.0,5.0,15.3,21.1,97.3,2001
8,Houston Rockets,82,241.8,35.9,79.2,.453,6.1,17.2,.357,29.7,62.0,.480,19.3,25.4,.758,11.2,30.8,42.0,19.7,7.2,4.4,14.7,20.2,97.2,2001
9,Utah Jazz*,82,241.2,36.1,76.7,.471,4.0,10.4,.381,32.1,66.3,.485,20.9,27.8,.752,11.5,29.1,40.6,25.7,8.1,5.6,15.8,25.7,97.1,2001
10,Denver Nuggets,82,241.2,36.3,83.9,.433,6.2,17.6,.355,30.1,66.3,.454,17.7,24.0,.737,12.7,31.5,44.2,24.0,6.7,6.6,13.9,22.2,96.6,2001
11,San Antonio Spurs*,82,241.8,35.2,76.4,.461,5.4,13.3,.407,29.7,63.0,.472,20.4,28.5,.715,11.0,33.1,44.1,21.7,6.9,7.0,14.0,18.9,96.2,2001
12,Detroit Pistons,82,242.1,35.6,83.9,.424,4.7,13.6,.350,30.9,70.3,.439,19.6,27.2,.721,13.5,32.0,45.5,19.9,7.5,5.5,15.9,23.8,95.6,2001
13,Portland Trail Blazers*,82,241.2,36.6,78.3,.468,4.5,12.9,.349,32.1,65.4,.492,17.6,23.2,.762,11.7,30.3,42.0,23.9,8.2,5.1,15.3,21.3,95.4,2001
14,Philadelphia 76ers*,82,242.1,35.4,79.1,.447,3.2,9.8,.326,32.2,69.3,.464,20.7,27.8,.745,13.1,31.7,44.8,20.6,8.4,5.0,15.8,20.4,94.7,2001
15,Boston Celtics,82,241.8,33.8,79.1,.428,7.2,19.9,.363,26.6,59.2,.450,19.8,26.7,.740,10.9,28.9,39.8,20.8,9.4,4.1,15.7,23.8,94.6,2001
16,Phoenix Suns*,82,241.5,35.9,82.4,.436,4.0,12.9,.315,31.9,69.5,.458,18.2,24.1,.755,11.8,30.8,42.7,23.2,9.5,5.2,15.2,22.7,94.0,2001
17,Washington Wizards,82,240.0,34.5,78.7,.439,3.4,10.3,.324,31.2,68.4,.456,20.8,27.4,.759,12.4,28.9,41.3,20.1,7.7,4.7,17.0,23.3,93.2,2001
18,Indiana Pacers*,82,243.7,34.5,78.4,.440,4.8,14.1,.342,29.7,64.3,.461,18.8,24.5,.766,11.2,31.6,42.9,21.5,6.9,5.9,15.2,23.5,92.6,2001
19,Golden State Warriors,82,241.2,35.8,87.5,.409,3.4,11.8,.293,32.4,75.7,.427,17.4,24.7,.706,16.4,29.1,45.5,21.8,9.0,5.0,15.9,21.1,92.5,2001
20,Los Angeles Clippers,82,244.3,35.3,78.9,.448,4.4,13.0,.339,30.9,65.9,.469,17.4,25.1,.693,11.7,31.2,42.9,19.3,6.0,6.3,15.8,21.6,92.5,2001
21,Cleveland Cavaliers,82,241.8,35.2,79.7,.442,2.7,8.0,.334,32.6,71.6,.455,19.0,24.9,.765,12.4,29.8,42.1,20.8,7.8,5.3,16.5,23.2,92.2,2001
22,New Jersey Nets,82,240.6,33.9,79.9,.425,4.4,13.2,.333,29.5,66.7,.443,19.9,26.2,.759,11.1,28.5,39.6,19.5,7.9,5.0,14.7,24.2,92.1,2001
23,Charlotte Hornets*,82,242.4,34.1,79.3,.431,4.1,12.0,.346,30.0,67.3,.446,19.5,26.2,.745,12.6,31.8,44.4,23.2,8.1,5.5,14.4,21.4,91.9,2001
24,Vancouver Grizzlies,82,241.2,35.0,79.7,.439,4.0,11.5,.343,31.0,68.2,.455,17.8,23.1,.770,10.9,29.6,40.5,23.2,7.1,4.4,15.7,21.1,91.7,2001
25,Atlanta Hawks,82,240.6,35.1,81.3,.431,4.1,11.4,.357,31.0,69.9,.443,16.8,22.1,.759,12.5,30.4,42.9,19.0,7.7,4.7,16.7,22.7,91.0,2001
26,Miami Heat*,82,242.4,32.9,76.3,.430,5.8,16.9,.345,27.0,59.4,.455,17.4,22.9,.759,9.9,29.7,39.6,19.9,7.7,3.7,13.7,21.0,88.9,2001
27,New York Knicks*,82,242.7,33.6,75.6,.444,4.8,13.6,.351,28.8,62.0,.465,16.8,21.1,.796,9.4,30.8,40.2,18.5,6.6,4.2,14.5,22.7,88.7,2001
28,Chicago Bulls,82,242.1,33.2,78.2,.424,4.0,11.6,.346,29.2,66.6,.438,17.2,23.3,.739,11.3,27.6,38.9,22.1,8.2,4.6,15.8,23.2,87.6,2001
0,Dallas Mavericks*,82,242.4,39.0,84.5,.462,7.6,20.1,.378,31.5,64.5,.488,19.6,24.3,.806,11.2,31.3,42.5,22.1,7.1,4.8,12.1,22.5,105.2,2002
1,Sacramento Kings*,82,240.9,39.8,85.4,.467,5.2,14.1,.367,34.6,71.3,.486,19.7,26.3,.751,12.4,33.0,45.3,23.9,9.0,4.6,13.8,19.0,104.6,2002
2,Los Angeles Lakers*,82,241.2,38.4,83.4,.461,6.2,17.5,.354,32.2,65.9,.489,18.2,26.1,.699,12.5,31.8,44.3,23.0,7.6,5.8,12.7,22.2,101.3,2002
3,Orlando Magic*,82,241.8,37.6,84.1,.448,7.6,20.2,.373,30.1,63.8,.471,17.6,23.4,.754,11.5,29.8,41.2,22.0,8.1,4.7,13.6,20.7,100.5,2002
4,Minnesota Timberwolves*,82,241.5,38.7,84.0,.461,4.8,12.8,.378,33.9,71.2,.476,17.1,21.4,.798,12.9,31.2,44.2,24.3,6.4,5.2,13.4,21.2,99.3,2002
5,Seattle SuperSonics*,82,241.8,38.2,81.5,.469,6.0,15.8,.378,32.2,65.7,.490,15.4,20.4,.755,11.8,28.5,40.3,23.5,8.5,4.4,13.7,21.1,97.7,2002
6,Golden State Warriors,82,241.2,36.6,85.2,.429,3.9,12.1,.322,32.7,73.1,.447,20.6,28.6,.722,16.3,30.4,46.7,20.8,7.9,6.4,16.8,23.0,97.7,2002
7,Milwaukee Bucks,82,242.7,37.1,80.2,.462,7.2,19.3,.375,29.9,60.9,.490,16.1,21.5,.748,10.3,31.2,41.4,22.5,7.3,4.7,14.1,21.8,97.5,2002
8,Indiana Pacers*,82,242.7,35.8,80.2,.446,4.9,14.6,.339,30.9,65.7,.470,20.3,26.3,.772,11.3,31.3,42.7,23.0,8.0,5.3,15.2,22.9,96.8,2002
9,San Antonio Spurs*,82,242.1,35.5,77.6,.458,5.3,14.8,.362,30.2,62.8,.480,20.3,27.4,.742,11.1,31.3,42.4,20.0,7.6,6.5,14.4,19.2,96.7,2002
10,Portland Trail Blazers*,82,241.8,36.6,81.4,.450,5.7,16.1,.354,31.0,65.3,.474,17.7,23.2,.763,13.2,29.8,43.0,23.5,8.6,4.5,14.3,19.7,96.6,2002
11,Boston Celtics*,82,241.8,34.8,82.1,.424,8.5,23.7,.359,26.3,58.4,.450,18.3,23.9,.764,10.9,31.3,42.2,21.0,9.7,3.6,13.6,21.7,96.4,2002
12,New Jersey Nets*,82,241.8,37.1,83.1,.446,4.9,14.6,.338,32.2,68.6,.469,17.1,23.3,.735,12.7,30.7,43.3,24.3,8.7,6.0,14.5,21.1,96.2,2002
13,Utah Jazz*,82,241.8,35.0,77.7,.450,3.4,10.3,.333,31.6,67.5,.468,22.6,29.6,.763,13.5,28.6,42.2,24.4,9.1,6.4,16.5,24.0,96.0,2002
14,Los Angeles Clippers,82,241.5,36.2,81.3,.445,5.0,14.0,.356,31.2,67.3,.464,18.3,24.7,.739,13.2,30.2,43.4,20.9,6.2,6.6,14.8,19.8,95.7,2002
15,Cleveland Cavaliers,82,242.1,36.0,80.3,.448,4.7,12.5,.377,31.2,67.8,.461,18.6,24.1,.772,11.8,30.3,42.1,23.1,7.0,5.7,14.6,21.4,95.3,2002
16,Phoenix Suns,82,241.8,37.8,84.6,.447,4.4,13.4,.327,33.4,71.2,.469,15.2,19.9,.767,13.1,29.6,42.7,22.4,8.1,4.9,14.7,21.8,95.1,2002
17,Detroit Pistons*,82,240.0,34.7,76.8,.452,6.9,18.4,.376,27.8,58.4,.475,18.0,23.8,.756,9.9,28.9,38.7,21.5,7.9,6.9,14.5,20.7,94.3,2002
18,Atlanta Hawks,82,241.2,35.4,80.6,.439,5.2,14.6,.354,30.2,66.0,.458,18.1,23.7,.765,11.6,29.8,41.5,20.2,8.1,4.3,15.5,20.8,94.0,2002
19,Charlotte Hornets*,82,240.9,35.3,80.2,.440,4.2,12.1,.348,31.1,68.1,.456,19.1,25.7,.745,12.9,30.5,43.5,21.5,8.0,5.6,14.0,21.3,93.9,2002
20,Washington Wizards,82,240.6,35.8,81.3,.441,3.7,9.6,.388,32.1,71.7,.448,17.4,22.8,.765,12.9,29.2,42.0,20.9,7.0,4.3,13.0,21.5,92.8,2002
21,Houston Rockets,82,243.7,34.6,80.8,.428,6.0,18.0,.335,28.5,62.8,.455,17.1,23.1,.741,12.5,29.4,41.9,18.1,6.5,5.4,14.1,18.0,92.3,2002
22,Denver Nuggets,82,241.5,35.5,83.8,.424,5.2,15.7,.329,30.4,68.1,.446,15.9,21.4,.744,13.6,28.2,41.8,22.2,7.5,5.6,14.7,22.8,92.2,2002
23,New York Knicks,82,241.5,34.4,79.5,.432,5.8,16.4,.353,28.6,63.1,.453,17.1,21.8,.787,10.7,30.0,40.7,21.0,6.8,3.5,14.5,22.0,91.6,2002
24,Toronto Raptors*,82,240.9,35.6,82.0,.434,4.7,13.5,.349,30.9,68.5,.451,15.5,20.9,.739,13.6,28.5,42.1,21.7,8.4,5.5,14.3,21.6,91.4,2002
25,Philadelphia 76ers*,82,240.6,34.2,78.5,.436,2.6,8.7,.299,31.6,69.8,.453,20.0,25.7,.779,13.3,30.9,44.2,20.0,8.6,4.4,15.3,20.1,91.0,2002
26,Memphis Grizzlies,82,241.2,34.8,79.7,.436,4.1,13.4,.307,30.7,66.3,.462,16.3,23.0,.708,12.0,29.4,41.4,21.8,7.9,6.0,16.4,19.2,89.9,2002
27,Chicago Bulls,82,241.5,34.3,79.2,.433,3.7,10.6,.346,30.6,68.6,.447,17.2,23.9,.722,11.3,28.8,40.0,22.2,7.7,4.4,15.3,22.4,89.5,2002
28,Miami Heat,82,243.0,34.2,77.8,.439,3.8,11.0,.347,30.4,66.9,.454,15.1,20.8,.724,11.0,31.0,42.0,20.3,6.7,5.5,14.8,22.5,87.2,2002
0,Dallas Mavericks*,82,241.2,38.5,85.1,.453,7.8,20.3,.381,30.8,64.8,.475,18.1,21.9,.829,11.1,31.0,42.1,22.4,8.1,5.5,11.6,21.1,103.0,2003
1,Golden State Warriors,82,240.9,37.3,84.6,.441,5.2,15.1,.344,32.1,69.6,.462,22.6,29.0,.778,15.7,31.0,46.7,20.9,7.2,6.2,15.8,21.8,102.4,2003
2,Sacramento Kings*,82,241.8,39.5,85.2,.464,6.0,15.7,.381,33.5,69.5,.482,16.7,22.3,.746,11.0,33.5,44.5,24.8,9.0,5.6,14.5,20.3,101.7,2003
3,Los Angeles Lakers*,82,243.0,37.7,83.6,.451,5.9,16.7,.356,31.8,66.9,.475,19.0,26.0,.734,13.1,31.1,44.3,23.3,7.8,5.7,14.5,22.9,100.4,2003
4,Milwaukee Bucks*,82,242.7,37.1,81.3,.457,7.1,18.6,.383,30.0,62.7,.478,18.1,23.3,.776,10.7,28.9,39.5,22.2,7.6,4.2,12.7,22.2,99.5,2003
5,Orlando Magic*,82,241.5,35.9,82.5,.436,6.9,19.4,.357,29.0,63.1,.460,19.7,25.4,.777,11.7,29.2,40.9,20.4,8.5,3.7,14.4,23.0,98.5,2003
6,Minnesota Timberwolves*,82,241.5,38.7,83.0,.466,3.6,9.8,.368,35.1,73.2,.479,17.1,22.3,.770,11.7,31.9,43.6,25.2,6.7,5.3,13.7,20.8,98.1,2003
7,Memphis Grizzlies,82,243.0,37.2,82.2,.452,5.7,15.6,.365,31.5,66.6,.473,17.4,23.6,.739,11.5,30.1,41.6,23.1,7.9,6.1,15.4,20.5,97.5,2003
8,Philadelphia 76ers*,82,242.1,36.3,81.0,.448,3.0,9.6,.311,33.3,71.4,.466,21.3,27.5,.775,12.7,29.5,42.2,21.6,10.3,3.5,14.8,22.0,96.8,2003
9,Indiana Pacers*,82,242.7,35.5,80.6,.441,4.6,13.6,.339,30.9,66.9,.461,21.2,27.7,.766,12.2,32.0,44.2,23.3,8.5,5.4,14.8,22.1,96.8,2003
10,New York Knicks,82,242.1,36.2,82.0,.441,7.4,19.3,.383,28.8,62.7,.459,16.1,19.8,.815,10.3,29.0,39.2,22.0,7.1,3.1,14.0,23.0,95.9,2003
11,San Antonio Spurs*,82,241.8,35.5,76.8,.462,5.5,15.5,.354,30.0,61.3,.489,19.4,26.8,.725,11.5,31.2,42.6,20.0,7.7,6.5,15.8,20.4,95.8,2003
12,Phoenix Suns*,82,241.5,36.6,82.6,.443,4.8,14.0,.343,31.8,68.6,.464,17.4,23.5,.742,12.8,29.8,42.5,21.0,8.1,4.9,14.7,22.0,95.5,2003
13,New Jersey Nets*,82,240.9,35.4,80.3,.441,4.2,12.7,.332,31.2,67.6,.462,20.3,26.8,.757,12.1,30.8,42.9,23.0,8.7,4.6,14.8,21.6,95.4,2003
14,Portland Trail Blazers*,82,242.1,36.4,79.2,.460,4.6,14.0,.330,31.8,65.1,.488,17.7,23.7,.745,12.1,29.0,41.1,22.7,8.8,3.9,15.2,19.9,95.2,2003
15,Chicago Bulls,82,243.0,36.5,81.9,.445,4.3,12.2,.350,32.2,69.7,.462,17.7,24.6,.722,12.0,31.0,43.0,21.7,7.4,5.6,16.9,24.7,95.0,2003
16,Utah Jazz*,82,241.2,35.3,75.5,.468,2.7,7.8,.349,32.6,67.7,.481,21.3,28.6,.745,12.5,29.0,41.5,25.6,8.6,5.7,16.8,22.4,94.7,2003
17,Atlanta Hawks,82,242.7,34.9,78.5,.444,4.9,13.9,.352,30.0,64.5,.464,19.4,24.5,.793,11.4,31.2,42.6,20.5,7.5,5.8,16.7,21.7,94.1,2003
18,New Orleans Hornets*,82,242.7,35.5,81.6,.435,4.9,13.1,.376,30.6,68.5,.447,17.9,23.3,.768,13.4,30.2,43.6,22.0,8.0,4.8,14.8,21.6,93.9,2003
19,Los Angeles Clippers,82,240.9,34.6,79.1,.437,4.8,14.4,.331,29.8,64.8,.460,19.9,26.5,.750,12.3,30.0,42.3,19.6,7.0,5.6,15.7,21.8,93.8,2003
20,Houston Rockets,82,243.0,34.6,78.8,.440,5.4,15.5,.346,29.3,63.3,.462,19.1,24.9,.768,12.5,31.3,43.8,18.4,7.2,6.0,15.6,19.5,93.8,2003
21,Boston Celtics*,82,241.8,32.9,79.4,.415,8.8,26.3,.334,24.2,53.1,.455,18.0,24.3,.742,10.4,30.1,40.5,19.2,8.8,3.7,14.0,21.4,92.7,2003
22,Seattle SuperSonics,82,242.1,35.2,80.5,.437,5.6,15.7,.353,29.6,64.7,.458,16.2,21.7,.744,11.7,29.1,40.8,21.6,8.3,3.6,13.2,20.9,92.1,2003
23,Washington Wizards,82,241.8,34.3,78.0,.440,3.1,9.9,.312,31.3,68.1,.459,19.7,25.3,.779,11.2,29.2,40.4,19.7,7.6,4.8,13.4,20.0,91.5,2003
24,Cleveland Cavaliers,82,241.8,34.8,82.3,.422,3.6,10.9,.327,31.2,71.3,.437,18.3,24.5,.747,13.6,31.0,44.6,20.9,7.8,6.4,18.3,22.7,91.4,2003
25,Detroit Pistons*,82,242.7,32.9,76.5,.430,6.5,18.1,.358,26.4,58.4,.452,19.0,24.6,.771,10.8,29.8,40.6,19.8,6.8,5.7,13.5,21.3,91.4,2003
26,Toronto Raptors,82,241.5,34.7,81.3,.427,5.0,14.5,.343,29.7,66.7,.446,16.5,22.9,.718,12.5,28.7,41.2,19.3,7.4,4.8,14.4,21.5,90.9,2003
27,Miami Heat,82,241.8,32.8,79.5,.412,4.2,13.4,.316,28.5,66.1,.432,15.8,20.6,.765,11.6,30.0,41.6,18.3,7.2,4.0,14.2,22.6,85.6,2003
28,Denver Nuggets,82,240.6,32.8,79.8,.411,2.8,10.0,.278,30.0,69.8,.430,15.8,22.6,.699,13.6,28.8,42.4,21.2,8.7,5.1,18.5,25.1,84.2,2003
0,Dallas Mavericks*,82,241.5,40.5,88.2,.459,6.2,17.8,.348,34.3,70.4,.488,18.0,22.6,.796,14.3,31.0,45.3,23.9,8.0,5.3,12.2,19.6,105.2,2004
1,Sacramento Kings*,82,241.2,37.8,81.8,.462,7.3,18.3,.401,30.5,63.6,.480,19.8,24.9,.795,10.8,30.4,41.2,26.2,8.7,4.0,13.9,19.3,102.8,2004
2,Los Angeles Lakers*,82,242.1,36.9,81.4,.454,4.5,13.6,.327,32.5,67.8,.479,19.9,28.7,.693,12.2,30.9,43.1,23.8,8.3,4.6,13.8,21.1,98.2,2004
3,Milwaukee Bucks*,82,241.2,36.2,81.1,.447,4.9,14.0,.350,31.3,67.1,.467,20.7,26.7,.775,11.7,30.5,42.2,22.8,6.8,4.7,13.5,20.3,98.0,2004
4,Denver Nuggets*,82,240.6,36.5,82.5,.443,4.0,12.0,.336,32.5,70.5,.461,20.2,26.3,.767,13.2,29.1,42.3,21.9,9.1,6.3,15.6,22.0,97.2,2004
5,Seattle SuperSonics,82,241.5,35.8,80.4,.446,8.8,23.6,.373,27.0,56.8,.476,16.6,21.7,.765,11.1,28.3,39.3,21.7,8.1,4.7,14.5,21.8,97.1,2004
6,Memphis Grizzlies*,82,242.4,36.1,81.2,.445,5.5,16.0,.340,30.7,65.2,.471,19.0,26.1,.727,12.8,29.0,41.8,23.4,9.7,6.9,15.0,23.2,96.7,2004
7,Boston Celtics*,82,240.3,34.7,78.2,.443,6.7,19.5,.346,27.9,58.7,.475,19.2,25.5,.750,10.4,29.8,40.1,20.5,9.4,4.0,16.2,22.4,95.3,2004
8,Los Angeles Clippers,82,241.5,34.4,80.2,.428,4.0,12.5,.321,30.3,67.7,.448,22.0,28.1,.785,14.0,29.5,43.5,20.2,7.2,4.6,16.4,22.1,94.8,2004
9,Minnesota Timberwolves*,82,240.9,37.0,80.1,.462,4.0,10.9,.363,33.0,69.2,.477,16.6,21.3,.781,10.7,32.3,42.9,23.0,6.8,5.6,12.7,21.1,94.5,2004
10,Phoenix Suns,82,240.6,36.1,81.4,.443,5.1,14.7,.345,31.0,66.7,.465,17.0,22.7,.746,11.3,29.3,40.6,19.3,9.0,4.7,15.2,22.7,94.2,2004
11,Orlando Magic,82,241.8,35.4,82.5,.429,5.2,15.2,.344,30.2,67.3,.448,18.0,24.4,.737,12.2,28.7,40.9,19.3,6.7,3.8,13.7,21.3,94.0,2004
12,Golden State Warriors,82,242.1,35.1,79.4,.442,5.2,15.6,.334,29.8,63.8,.468,17.9,24.7,.725,12.2,30.9,43.1,20.5,7.0,4.7,14.8,20.6,93.3,2004
13,Cleveland Cavaliers,82,242.1,35.6,82.4,.433,3.0,9.6,.314,32.6,72.8,.448,18.6,24.8,.753,13.6,31.9,45.6,22.0,7.1,6.5,14.8,21.3,92.9,2004
14,Atlanta Hawks,82,242.7,34.5,79.6,.433,5.1,15.2,.335,29.4,64.4,.456,18.7,24.1,.776,12.1,30.6,42.7,20.1,7.6,5.0,16.5,22.3,92.8,2004
15,New York Knicks*,82,242.4,35.1,79.4,.442,5.0,13.6,.364,30.2,65.8,.459,16.8,21.1,.793,11.6,31.0,42.6,20.7,7.4,4.8,15.7,23.1,92.0,2004
16,New Orleans Hornets*,82,241.8,33.8,80.5,.420,6.5,20.3,.319,27.3,60.2,.454,17.7,23.6,.751,13.3,29.5,42.8,20.9,8.6,4.2,15.0,20.9,91.8,2004
17,Washington Wizards,82,241.8,33.6,80.0,.421,5.3,15.5,.341,28.4,64.5,.440,19.3,27.0,.714,13.6,29.2,42.8,18.7,8.9,5.0,17.5,20.9,91.8,2004
18,San Antonio Spurs*,82,240.9,34.7,78.5,.442,5.0,13.9,.358,29.7,64.6,.460,17.2,25.2,.681,12.5,32.5,45.1,20.4,8.1,6.5,14.7,20.3,91.5,2004
19,Indiana Pacers*,82,241.5,33.6,77.1,.435,5.5,15.6,.351,28.1,61.5,.457,18.8,24.6,.764,11.8,29.9,41.7,21.6,8.9,5.0,14.4,20.8,91.4,2004
20,Portland Trail Blazers,82,243.7,35.3,78.9,.448,4.6,13.4,.346,30.7,65.4,.469,15.4,21.1,.731,12.7,29.0,41.7,21.6,7.5,5.4,14.8,19.0,90.7,2004
21,Miami Heat*,82,240.9,33.3,78.3,.425,5.9,16.5,.357,27.4,61.7,.443,17.8,23.4,.762,11.5,30.0,41.5,19.1,7.2,3.8,13.9,22.1,90.3,2004
22,New Jersey Nets*,82,240.3,34.3,77.7,.441,4.6,13.7,.336,29.7,64.0,.464,17.0,22.6,.753,10.5,30.2,40.7,24.5,8.6,3.9,14.7,21.0,90.3,2004
23,Detroit Pistons*,82,241.2,33.5,77.0,.435,4.1,11.8,.344,29.4,65.2,.452,19.0,25.3,.753,12.4,30.4,42.8,20.8,8.0,7.0,15.1,20.3,90.1,2004
24,Houston Rockets*,82,243.0,33.4,75.5,.442,6.3,17.1,.366,27.1,58.4,.464,16.7,21.6,.773,10.3,32.3,42.6,19.3,6.8,5.4,16.7,21.5,89.8,2004
25,Chicago Bulls,82,241.8,34.1,82.4,.414,5.2,15.3,.342,28.9,67.0,.431,16.2,22.4,.725,12.8,30.7,43.5,21.9,8.0,4.8,16.1,23.3,89.7,2004
26,Utah Jazz,82,241.2,32.8,75.3,.436,3.1,9.6,.321,29.7,65.7,.453,20.0,26.8,.746,13.5,27.7,41.2,20.4,7.1,6.0,16.6,25.6,88.7,2004
27,Philadelphia 76ers,82,242.1,32.7,76.3,.428,4.1,12.1,.342,28.6,64.2,.445,18.4,24.5,.753,11.5,29.4,40.8,20.0,8.0,4.4,15.9,20.7,88.0,2004
28,Toronto Raptors,82,243.7,32.4,77.4,.418,5.6,15.8,.356,26.7,61.6,.434,15.1,20.1,.750,10.1,29.5,39.6,19.2,7.4,4.9,14.2,21.3,85.4,2004
0,Phoenix Suns*,82,241.2,40.9,85.6,.477,9.7,24.7,.393,31.2,60.9,.512,19.0,25.4,.748,11.8,32.3,44.1,23.5,7.0,5.5,13.7,19.1,110.4,2005
1,Sacramento Kings*,82,242.1,39.1,85.1,.459,6.4,17.0,.374,32.7,68.1,.480,19.2,24.4,.787,12.5,29.9,42.4,24.5,8.2,3.9,13.1,20.5,103.7,2005
2,Dallas Mavericks*,82,240.6,37.3,81.6,.457,5.6,15.5,.364,31.6,66.1,.479,22.3,28.2,.789,12.1,30.9,42.9,19.6,8.6,5.6,13.4,22.3,102.5,2005
3,Miami Heat*,82,243.7,37.8,77.7,.486,5.8,15.4,.377,32.0,62.3,.513,20.2,30.1,.672,10.8,32.2,43.0,21.8,6.4,5.8,13.7,22.1,101.5,2005
4,Boston Celtics*,82,242.4,37.1,79.4,.468,5.3,15.3,.349,31.8,64.1,.496,21.6,28.3,.764,11.1,29.7,40.8,22.1,8.1,5.2,15.8,24.4,101.3,2005
5,Washington Wizards*,82,241.2,36.2,82.9,.437,6.3,18.3,.343,29.9,64.6,.463,21.9,30.2,.725,13.8,29.0,42.8,19.1,8.7,4.2,14.3,22.0,100.5,2005
6,Toronto Raptors,82,241.5,36.0,81.2,.444,7.9,20.5,.385,28.1,60.7,.463,19.8,25.6,.774,10.3,29.8,40.1,20.4,7.6,3.9,13.3,22.9,99.7,2005
7,Denver Nuggets*,82,240.9,37.0,80.7,.459,3.9,11.5,.340,33.1,69.2,.479,21.5,28.2,.763,11.8,30.2,42.0,23.9,9.1,6.0,14.9,22.9,99.5,2005
8,Orlando Magic,82,240.3,37.0,81.5,.454,3.9,11.2,.349,33.1,70.3,.471,21.6,28.5,.759,12.7,31.0,43.7,19.3,7.7,5.4,16.1,23.6,99.5,2005
9,Philadelphia 76ers*,82,242.1,35.9,82.1,.437,6.2,17.7,.348,29.8,64.4,.462,21.1,26.8,.789,11.1,30.9,42.0,20.9,9.2,3.9,15.5,22.9,99.1,2005
10,Seattle SuperSonics*,82,240.9,35.1,79.2,.444,8.1,22.2,.365,27.0,57.0,.474,20.5,26.0,.790,12.7,28.2,40.9,18.1,6.7,4.1,13.6,23.7,98.9,2005
11,Los Angeles Lakers,82,241.2,35.3,80.8,.437,7.9,22.1,.355,27.5,58.7,.467,20.3,26.1,.777,12.5,30.6,43.2,20.4,6.2,4.2,14.3,21.9,98.7,2005
12,Golden State Warriors,82,242.7,36.9,85.8,.430,7.6,21.6,.352,29.3,64.2,.457,17.2,23.8,.722,13.0,29.7,42.7,22.1,7.8,5.1,13.6,22.4,98.7,2005
13,New York Knicks,82,242.4,36.3,80.5,.451,5.4,15.1,.356,30.9,65.4,.473,19.3,25.1,.767,11.8,29.2,41.0,20.3,7.7,3.2,14.7,23.7,97.3,2005
14,Milwaukee Bucks,82,241.2,36.1,80.2,.450,4.0,11.3,.351,32.2,69.0,.467,21.0,27.2,.772,12.0,29.3,41.3,21.0,6.5,3.5,13.8,21.9,97.2,2005
15,,,,,,,,,,,,,,,,,,,,,,,,,2005
16,Minnesota Timberwolves,82,240.9,37.1,80.8,.459,4.8,14.0,.345,32.3,66.9,.483,17.7,22.2,.796,11.5,31.5,43.0,23.4,5.6,5.5,13.2,21.6,96.8,2005
17,Cleveland Cavaliers,82,242.1,36.5,81.5,.447,3.7,11.0,.332,32.8,70.5,.465,19.9,26.5,.752,13.6,28.7,42.3,22.6,8.0,5.6,13.9,22.6,96.5,2005
18,San Antonio Spurs*,82,241.5,35.6,78.7,.453,6.2,17.0,.363,29.5,61.6,.478,18.7,25.9,.724,12.0,30.4,42.4,21.6,7.5,6.6,13.7,20.9,96.2,2005
19,Los Angeles Clippers,82,244.3,35.7,77.7,.459,2.8,8.2,.345,32.8,69.5,.473,21.6,27.7,.778,12.0,29.9,41.9,23.2,7.3,5.1,15.7,22.2,95.7,2005
20,Houston Rockets*,82,242.1,34.7,78.3,.443,6.7,18.5,.364,28.0,59.7,.468,18.9,24.2,.781,10.7,31.7,42.4,21.1,6.9,4.6,13.8,22.0,95.1,2005
21,Chicago Bulls*,82,241.8,34.7,80.4,.432,6.2,17.5,.357,28.5,62.9,.453,18.7,25.0,.750,12.2,31.6,43.8,21.3,7.0,4.5,16.7,24.7,94.5,2005
22,Charlotte Bobcats,82,242.4,36.1,83.6,.432,3.9,10.7,.363,32.2,72.9,.442,18.1,25.6,.709,13.2,28.5,41.7,21.9,8.5,5.4,14.5,23.1,94.3,2005
23,Memphis Grizzlies*,82,240.3,34.2,76.5,.447,6.5,18.1,.357,27.7,58.4,.475,18.6,24.7,.754,10.8,28.1,39.0,20.9,8.5,5.8,14.6,23.3,93.4,2005
24,Detroit Pistons*,82,243.4,34.8,78.3,.444,4.4,12.8,.345,30.3,65.5,.463,19.4,26.2,.739,12.9,30.6,43.4,21.8,7.0,6.1,13.8,20.0,93.3,2005
25,Indiana Pacers*,82,242.7,32.5,75.2,.432,6.6,19.2,.344,25.9,56.0,.463,21.3,26.9,.792,10.6,29.5,40.1,18.2,7.5,4.4,14.3,23.0,93.0,2005
26,Utah Jazz,82,241.2,34.5,76.8,.449,3.0,9.3,.328,31.4,67.5,.465,21.0,27.7,.757,12.8,27.4,40.1,22.3,6.6,4.6,15.8,26.7,93.0,2005
27,Portland Trail Blazers,82,240.6,35.3,78.3,.451,5.1,14.2,.362,30.2,64.2,.471,17.2,23.7,.725,11.8,29.3,41.1,21.0,7.1,6.6,16.0,20.8,92.9,2005
28,Atlanta Hawks,82,242.1,35.9,81.4,.441,3.7,11.9,.312,32.2,69.5,.463,17.3,24.3,.711,13.4,28.5,41.9,19.7,7.7,4.2,16.1,24.5,92.7,2005
29,New Jersey Nets*,82,242.7,33.6,78.3,.429,5.3,14.7,.362,28.3,63.6,.444,19.0,24.9,.763,10.4,29.1,39.5,21.6,7.9,3.8,14.2,24.2,91.4,2005
30,New Orleans Hornets,82,243.0,33.1,80.0,.415,5.1,16.0,.315,28.1,63.9,.440,17.1,22.3,.766,12.4,27.8,40.2,21.0,6.7,3.8,14.8,23.0,88.4,2005
0,Phoenix Suns*,82,243.4,41.8,87.4,.479,10.2,25.6,.399,31.6,61.8,.511,14.5,18.0,.806,9.5,32.3,41.8,26.6,6.7,5.0,13.3,20.5,108.4,2006
1,Seattle SuperSonics,82,241.8,37.5,81.8,.459,7.4,19.9,.371,30.1,62.0,.487,20.1,25.7,.785,12.4,27.2,39.6,20.7,7.6,3.7,14.7,23.6,102.6,2006
2,Washington Wizards*,82,241.8,36.3,81.2,.447,6.1,17.0,.357,30.2,64.2,.471,23.0,30.4,.757,12.6,28.6,41.2,18.6,8.0,4.1,13.9,22.6,101.7,2006
3,Toronto Raptors,82,243.4,36.7,81.0,.454,7.4,19.8,.375,29.3,61.2,.479,20.2,25.5,.791,10.5,27.9,38.5,19.4,6.5,3.3,13.1,24.0,101.1,2006
4,Denver Nuggets*,82,243.0,37.5,81.4,.461,4.3,13.1,.325,33.3,68.2,.487,21.0,28.2,.744,11.0,30.3,41.3,23.4,8.5,5.6,14.8,22.7,100.3,2006
5,Miami Heat*,82,240.9,37.1,77.5,.478,6.1,17.6,.345,31.0,59.9,.517,19.7,28.2,.700,10.5,32.6,43.1,20.6,6.4,5.4,14.5,22.8,99.9,2006
6,Los Angeles Lakers*,82,242.1,36.5,80.6,.453,6.7,19.3,.349,29.8,61.3,.486,19.7,26.5,.745,11.8,30.3,42.2,21.1,7.7,4.3,13.9,23.1,99.4,2006
7,Philadelphia 76ers,82,242.7,36.6,79.8,.458,4.6,12.6,.364,32.0,67.3,.476,21.6,28.4,.760,10.6,29.6,40.2,20.2,7.9,4.9,14.1,20.9,99.4,2006
8,Dallas Mavericks*,82,242.4,36.0,77.7,.462,5.1,13.6,.374,30.9,64.2,.481,22.2,28.3,.783,12.6,29.6,42.2,18.0,7.2,6.0,13.6,22.4,99.1,2006
9,Sacramento Kings*,82,241.8,36.0,79.3,.454,6.0,17.2,.351,30.0,62.1,.483,20.8,26.5,.784,10.4,30.2,40.5,22.3,7.4,3.6,14.6,20.4,98.9,2006
10,Golden State Warriors,82,241.8,35.8,82.7,.433,7.6,22.3,.341,28.2,60.4,.467,19.2,26.7,.718,12.0,30.3,42.3,20.7,7.4,4.4,14.1,23.7,98.5,2006
11,Boston Celtics,82,242.4,36.0,77.1,.467,5.7,15.7,.362,30.3,61.4,.494,20.3,26.9,.755,9.9,29.7,39.6,20.9,7.0,5.1,16.6,24.8,98.0,2006
12,Milwaukee Bucks*,82,242.1,36.3,80.1,.453,6.2,16.3,.380,30.1,63.8,.472,19.0,25.8,.738,11.3,29.9,41.2,21.6,7.3,3.3,14.6,23.2,97.8,2006
13,Chicago Bulls*,82,242.7,36.6,82.2,.446,6.8,18.0,.379,29.8,64.1,.465,17.7,24.0,.738,11.0,31.7,42.8,22.0,6.2,4.2,14.9,24.9,97.8,2006
14,Cleveland Cavaliers*,82,241.8,35.5,78.2,.454,6.1,17.9,.339,29.4,60.3,.487,20.6,28.3,.729,11.7,30.6,42.3,19.0,6.9,4.8,13.9,21.1,97.6,2006
15,,,,,,,,,,,,,,,,,,,,,,,,,2006
16,Atlanta Hawks,82,242.4,35.9,79.2,.454,5.2,14.1,.367,30.8,65.1,.472,20.2,26.9,.750,13.0,27.2,40.3,19.8,7.2,4.8,15.7,25.0,97.2,2006
17,Los Angeles Clippers*,82,241.5,36.5,78.6,.465,3.5,10.3,.344,33.0,68.3,.483,20.7,26.1,.791,10.1,33.0,43.1,20.8,6.5,6.1,14.5,22.8,97.2,2006
18,Charlotte Bobcats,82,242.7,36.1,83.5,.433,5.2,15.4,.339,30.9,68.1,.454,19.4,26.7,.729,12.1,27.7,39.8,20.9,10.0,4.3,14.2,23.9,96.9,2006
19,Detroit Pistons*,82,241.8,36.4,80.0,.455,6.8,17.7,.384,29.6,62.3,.475,17.3,23.8,.727,11.9,28.6,40.5,24.0,7.1,6.0,11.4,18.5,96.8,2006
20,New York Knicks,82,243.0,34.4,75.7,.455,3.9,10.8,.362,30.5,64.9,.470,22.9,31.5,.726,12.6,28.8,41.4,17.9,6.8,3.3,17.7,26.3,95.6,2006
21,San Antonio Spurs*,82,241.5,36.5,77.3,.472,6.4,16.6,.385,30.1,60.7,.496,16.2,23.1,.702,10.4,31.1,41.5,20.9,6.6,5.7,13.7,20.9,95.6,2006
22,Orlando Magic,82,242.7,35.5,75.2,.472,3.6,9.7,.376,31.9,65.5,.486,20.3,27.8,.730,10.9,29.3,40.2,18.2,6.5,4.4,15.1,23.3,94.9,2006
23,Indiana Pacers*,82,240.6,34.0,76.5,.444,6.5,18.7,.349,27.4,57.8,.475,19.4,26.3,.737,11.0,31.2,42.2,19.9,7.3,5.0,15.3,22.2,93.9,2006
24,New Jersey Nets*,82,241.2,33.9,77.0,.440,5.8,17.6,.330,28.1,59.4,.472,20.2,26.7,.758,10.0,31.0,41.0,23.0,6.8,3.4,13.6,23.2,93.8,2006
25,New Orleans/Oklahoma City Hornets,82,241.5,34.5,78.4,.440,3.7,10.8,.339,30.9,67.6,.457,20.1,26.5,.758,11.2,29.0,40.2,18.5,7.5,3.8,13.4,21.8,92.8,2006
26,Utah Jazz,82,242.4,33.5,75.7,.442,3.8,11.3,.336,29.7,64.4,.461,21.6,30.1,.719,13.1,29.0,42.1,21.6,6.4,6.0,15.7,24.8,92.4,2006
27,Memphis Grizzlies*,82,242.1,33.5,74.7,.448,7.2,19.2,.374,26.3,55.5,.474,18.0,25.3,.711,10.2,29.0,39.2,19.3,7.3,5.4,13.8,21.4,92.2,2006
28,Minnesota Timberwolves,82,242.1,35.2,77.3,.456,3.8,11.5,.329,31.4,65.8,.478,17.5,23.1,.758,9.9,29.5,39.4,20.9,6.8,5.7,14.5,23.0,91.7,2006
29,Houston Rockets,82,241.8,33.0,76.2,.433,5.7,17.2,.332,27.3,59.0,.463,18.3,24.1,.759,10.4,31.3,41.6,19.3,7.2,3.9,14.5,22.7,90.1,2006
30,Portland Trail Blazers,82,240.6,34.0,76.4,.445,4.4,12.7,.349,29.6,63.7,.464,16.3,23.7,.689,10.8,26.9,37.7,18.2,6.5,5.3,14.7,22.3,88.8,2006
0,Phoenix Suns*,82,242.7,41.3,83.6,.494,9.6,24.0,.399,31.7,59.6,.532,18.0,22.3,.808,9.0,31.5,40.5,25.9,6.7,4.8,14.5,20.2,110.2,2007
1,Golden State Warriors*,82,240.9,39.8,86.0,.463,8.5,24.0,.356,31.2,62.0,.504,18.5,25.8,.717,11.5,30.0,41.4,23.8,9.1,5.7,16.0,23.6,106.5,2007
2,Denver Nuggets*,82,241.2,38.6,83.0,.465,5.9,17.6,.336,32.7,65.4,.500,22.3,29.9,.746,12.2,31.2,43.4,23.4,8.3,5.3,16.5,21.4,105.4,2007
3,Washington Wizards*,82,241.8,37.4,83.2,.450,6.8,19.7,.348,30.6,63.5,.482,22.6,29.6,.765,12.2,29.0,41.2,20.2,7.7,4.6,13.8,22.2,104.3,2007
4,Los Angeles Lakers*,82,244.3,37.8,81.3,.466,7.4,21.0,.353,30.4,60.2,.505,20.2,27.1,.747,10.8,30.4,41.2,22.6,7.3,5.1,15.5,23.0,103.3,2007
5,Memphis Grizzlies,82,243.7,36.6,78.6,.465,6.1,16.6,.367,30.5,62.0,.491,22.4,29.4,.761,10.6,29.0,39.5,20.5,6.9,5.0,16.4,22.3,101.6,2007
6,Utah Jazz*,82,241.5,37.4,78.9,.474,4.3,12.9,.335,33.1,66.0,.501,22.3,30.0,.743,12.6,30.0,42.5,24.7,7.0,4.1,15.6,25.2,101.5,2007
7,Sacramento Kings,82,241.5,35.9,79.7,.450,6.5,18.5,.350,29.4,61.2,.480,23.1,30.2,.765,9.7,29.2,38.9,20.3,8.2,3.2,14.6,21.9,101.3,2007
8,Dallas Mavericks*,82,240.9,36.7,78.6,.467,6.5,17.1,.381,30.2,61.4,.491,20.1,24.9,.805,11.2,30.7,41.9,19.9,6.8,5.0,13.9,22.4,100.0,2007
9,Milwaukee Bucks,82,242.1,38.1,81.9,.465,6.4,18.0,.356,31.7,63.9,.495,17.1,23.4,.733,11.5,27.7,39.2,21.6,7.2,2.7,15.1,22.2,99.7,2007
10,Toronto Raptors*,82,240.9,37.0,79.8,.463,6.5,17.9,.363,30.5,62.0,.492,19.0,24.2,.788,9.2,30.2,39.5,22.2,7.1,3.9,13.5,20.4,99.5,2007
11,Seattle SuperSonics,82,241.8,37.2,80.8,.460,6.4,17.7,.362,30.8,63.1,.487,18.4,23.3,.791,11.3,28.3,39.6,20.7,7.7,3.7,15.5,22.0,99.1,2007
12,Chicago Bulls*,82,241.2,37.1,81.3,.457,5.9,15.1,.388,31.3,66.2,.473,18.6,25.4,.734,12.0,31.7,43.7,22.3,7.8,5.4,16.0,23.3,98.8,2007
13,San Antonio Spurs*,82,241.2,36.6,77.2,.474,7.3,19.0,.381,29.3,58.1,.504,18.1,24.1,.751,9.3,31.4,40.7,22.1,7.2,5.1,13.9,19.4,98.5,2007
14,New Jersey Nets*,82,242.4,35.5,77.8,.457,7.4,20.4,.363,28.1,57.4,.490,19.1,26.3,.727,10.0,30.8,40.8,23.9,6.1,3.3,14.8,22.8,97.6,2007
15,,,,,,,,,,,,,,,,,,,,,,,,,2007
16,New York Knicks,82,244.0,35.4,77.5,.457,5.8,16.7,.346,29.6,60.8,.487,20.9,29.2,.715,12.6,30.7,43.3,18.7,6.6,3.2,17.1,23.6,97.5,2007
17,Houston Rockets*,82,242.1,35.4,79.6,.445,8.6,23.1,.372,26.8,56.5,.475,17.5,23.2,.753,10.7,32.6,43.3,20.8,7.1,4.1,14.2,20.9,97.0,2007
18,Charlotte Bobcats,82,244.0,36.1,81.0,.446,5.6,15.6,.357,30.5,65.4,.467,19.1,26.0,.734,11.2,28.6,39.8,22.4,7.8,4.5,14.9,24.2,96.9,2007
19,Cleveland Cavaliers*,82,242.4,36.3,81.2,.447,6.0,17.1,.352,30.3,64.1,.473,18.1,26.0,.696,12.7,30.8,43.5,20.8,7.6,4.3,14.4,21.7,96.8,2007
20,Minnesota Timberwolves,82,244.0,36.5,79.3,.461,4.7,13.3,.353,31.9,66.0,.483,18.3,23.1,.792,10.0,30.2,40.2,22.5,6.5,4.0,15.6,21.4,96.1,2007
21,Detroit Pistons*,82,242.4,35.9,79.1,.454,5.5,15.9,.344,30.4,63.2,.481,18.8,24.2,.774,11.6,29.0,40.5,21.6,7.1,5.8,12.2,20.4,96.0,2007
22,Boston Celtics,82,242.1,34.9,78.7,.443,5.7,15.6,.367,29.1,63.1,.462,20.4,26.6,.767,11.2,29.2,40.4,19.9,7.2,4.7,16.5,24.0,95.8,2007
23,Los Angeles Clippers,82,240.6,35.1,77.0,.456,3.8,11.0,.348,31.3,66.0,.474,21.6,27.4,.788,10.8,30.3,41.1,21.5,7.3,5.8,15.1,22.7,95.6,2007
24,Indiana Pacers,82,241.2,35.0,80.0,.438,5.9,16.9,.346,29.2,63.1,.462,19.7,25.9,.760,12.1,29.8,41.8,20.5,7.3,5.5,16.3,23.3,95.6,2007
25,New Orleans/Oklahoma City Hornets,82,242.4,36.2,81.4,.445,5.5,15.3,.362,30.7,66.1,.464,17.5,23.7,.740,12.5,30.6,43.1,18.7,6.4,4.2,14.5,19.8,95.5,2007
26,Philadelphia 76ers,82,242.4,35.8,78.1,.458,3.5,10.0,.345,32.3,68.1,.474,20.0,26.0,.767,11.0,28.7,39.7,20.4,7.2,4.8,15.3,20.4,94.9,2007
27,Orlando Magic*,82,241.2,35.1,74.3,.472,4.2,11.7,.356,30.9,62.5,.494,20.5,29.2,.702,11.2,29.5,40.7,18.6,6.9,5.1,17.0,23.2,94.8,2007
28,Miami Heat*,82,242.1,35.6,76.7,.464,6.4,18.8,.343,29.2,57.9,.503,17.0,24.6,.690,10.0,30.8,40.8,20.5,6.9,5.4,14.6,21.3,94.6,2007
29,Portland Trail Blazers,82,243.4,35.0,78.0,.450,5.2,15.0,.346,29.9,62.9,.474,18.8,24.5,.769,11.3,28.0,39.3,18.5,6.8,4.6,15.1,23.5,94.1,2007
30,Atlanta Hawks,82,242.4,34.5,77.7,.444,4.2,12.7,.329,30.4,65.0,.467,20.5,26.9,.761,11.9,28.2,40.1,19.2,7.4,5.4,15.9,24.0,93.7,2007
0,Golden State Warriors,82,241.2,41.5,90.3,.459,9.3,26.6,.348,32.2,63.7,.506,18.8,24.9,.752,12.7,30.4,43.2,22.4,9.1,4.6,13.2,22.9,111.0,2008
1,Denver Nuggets*,82,242.1,40.3,85.8,.470,6.9,19.6,.355,33.4,66.3,.504,23.1,30.7,.751,11.2,32.9,44.1,24.7,9.2,6.7,14.7,21.1,110.7,2008
2,Phoenix Suns*,82,241.2,41.4,82.7,.500,8.5,21.5,.393,32.9,61.2,.538,18.9,24.1,.783,8.8,32.7,41.5,26.7,6.5,6.3,14.4,19.9,110.1,2008
3,Los Angeles Lakers*,82,241.2,39.6,83.1,.476,8.1,21.4,.378,31.5,61.8,.510,21.3,27.7,.769,11.0,33.2,44.1,24.4,8.0,5.3,14.1,20.6,108.6,2008
4,Utah Jazz*,82,240.3,40.0,80.4,.497,5.0,13.4,.372,35.0,67.0,.522,21.3,28.0,.759,11.5,29.4,40.9,26.4,8.7,4.3,14.6,24.0,106.2,2008
5,Orlando Magic*,82,241.2,37.3,78.6,.474,9.8,25.3,.386,27.5,53.3,.516,20.1,27.9,.721,9.4,32.6,42.0,20.8,6.3,4.1,14.3,20.6,104.5,2008
6,Indiana Pacers,82,240.9,37.8,85.3,.444,9.2,24.6,.374,28.6,60.6,.472,19.1,24.9,.768,11.0,32.1,43.1,22.7,7.6,5.0,15.1,23.4,104.0,2008
7,Sacramento Kings,82,241.8,37.1,80.0,.464,6.2,16.7,.373,30.9,63.3,.488,22.1,27.7,.798,10.1,30.0,40.1,19.1,7.9,4.1,16.1,22.4,102.5,2008
8,New Orleans Hornets*,82,241.5,38.6,82.9,.466,7.7,19.8,.389,30.9,63.1,.490,16.0,20.8,.769,11.4,30.4,41.8,21.8,7.8,3.9,11.9,18.7,100.9,2008
9,Memphis Grizzlies,82,241.5,37.3,82.2,.454,7.6,21.7,.349,29.8,60.5,.492,18.5,25.6,.723,10.3,31.3,41.6,19.2,6.1,4.7,15.3,19.4,100.7,2008
10,Boston Celtics*,82,240.9,36.4,76.7,.475,7.3,19.1,.381,29.1,57.6,.506,20.5,26.5,.771,10.1,31.9,42.0,22.4,8.5,4.6,15.2,22.7,100.5,2008
11,Dallas Mavericks*,82,240.6,36.9,79.5,.464,6.0,17.1,.352,30.9,62.3,.495,20.6,25.3,.814,10.8,32.2,43.0,21.0,6.0,4.9,12.6,21.8,100.4,2008
12,Toronto Raptors*,82,241.8,38.4,82.0,.468,7.0,17.8,.392,31.4,64.2,.489,16.4,20.2,.812,9.6,30.4,40.1,23.8,7.0,4.1,11.7,19.5,100.2,2008
13,Washington Wizards*,82,242.7,36.4,81.6,.446,7.0,19.7,.356,29.4,62.0,.475,19.0,24.3,.782,12.3,29.3,41.6,19.6,7.7,4.8,13.2,19.6,98.8,2008
14,Atlanta Hawks*,82,242.1,36.3,79.9,.454,4.7,13.1,.356,31.6,66.8,.473,21.0,27.2,.772,12.3,29.9,42.2,22.0,7.3,5.5,14.9,20.4,98.2,2008
15,,,,,,,,,,,,,,,,,,,,,,,,,2008
16,Seattle SuperSonics,82,241.8,38.1,85.8,.444,3.8,11.5,.333,34.3,74.3,.462,17.5,22.8,.770,11.8,32.8,44.6,21.3,6.5,4.9,16.0,20.5,97.5,2008
17,Detroit Pistons*,82,240.6,36.6,79.9,.458,5.9,16.2,.366,30.6,63.7,.481,18.4,24.0,.767,11.9,29.5,41.4,22.3,7.1,5.8,11.7,20.6,97.5,2008
18,Chicago Bulls,82,241.5,36.4,83.7,.435,5.8,15.9,.363,30.6,67.8,.452,18.7,24.7,.756,12.8,30.2,43.0,22.1,7.7,5.2,14.6,21.8,97.3,2008
19,Charlotte Bobcats,82,242.4,36.1,79.9,.452,6.5,17.6,.367,29.6,62.3,.476,18.4,25.8,.714,10.9,29.8,40.6,21.3,7.5,4.9,14.7,21.7,97.1,2008
20,Milwaukee Bucks,82,242.1,36.9,82.3,.449,5.5,16.0,.344,31.4,66.2,.474,17.7,24.1,.733,12.9,28.8,41.7,21.5,6.6,4.4,14.8,21.3,97.0,2008
21,New York Knicks,82,242.4,36.2,82.4,.439,6.0,17.7,.337,30.2,64.7,.467,18.6,25.5,.727,12.5,30.0,42.5,18.7,6.4,2.6,14.5,21.5,96.9,2008
22,Houston Rockets*,82,240.6,36.6,81.7,.448,7.1,20.8,.342,29.5,60.9,.485,16.4,22.5,.726,12.2,32.4,44.6,21.4,7.3,5.1,13.7,19.6,96.7,2008
23,Philadelphia 76ers*,82,240.9,37.3,81.1,.460,3.7,11.6,.317,33.6,69.5,.483,18.4,26.1,.706,13.0,28.9,41.9,20.4,8.7,4.9,14.3,19.8,96.6,2008
24,Cleveland Cavaliers*,82,242.1,35.8,81.7,.439,6.7,18.8,.358,29.1,62.8,.463,18.0,25.1,.717,13.3,31.3,44.6,20.0,7.1,5.2,14.0,20.9,96.4,2008
25,New Jersey Nets,82,241.8,34.8,78.7,.443,6.1,17.4,.348,28.8,61.2,.470,20.1,27.3,.736,11.1,30.7,41.9,23.5,6.4,4.8,15.0,22.6,95.8,2008
26,Minnesota Timberwolves,82,240.6,37.5,83.1,.451,5.4,15.4,.350,32.1,67.8,.474,15.2,20.6,.736,11.8,29.6,41.4,19.9,7.5,3.7,14.5,23.0,95.6,2008
27,Portland Trail Blazers,82,242.7,35.8,79.8,.448,6.6,17.4,.377,29.2,62.4,.468,17.2,22.5,.767,11.0,29.7,40.7,21.1,5.5,4.4,12.9,20.0,95.4,2008
28,San Antonio Spurs*,82,240.6,35.8,78.3,.457,7.2,19.6,.369,28.6,58.7,.487,16.5,21.6,.761,9.4,31.9,41.3,21.0,6.4,4.1,12.6,18.7,95.4,2008
29,Los Angeles Clippers,82,241.5,34.4,78.6,.438,4.3,13.2,.324,30.1,65.4,.460,20.8,26.6,.781,9.8,30.4,40.1,21.1,6.8,4.9,14.4,21.3,93.8,2008
30,Miami Heat,82,241.8,34.2,77.3,.443,6.0,16.7,.358,28.3,60.5,.467,16.9,23.2,.727,9.1,28.6,37.6,20.0,7.2,4.3,14.7,20.4,91.4,2008
0,Phoenix Suns,82,240.9,41.1,81.6,.504,6.7,17.6,.383,34.4,64.0,.537,20.4,27.5,.744,11.0,30.7,41.7,23.2,7.2,5.1,15.7,20.6,109.4,2009
1,Golden State Warriors,82,242.4,39.4,86.0,.458,6.7,18.0,.373,32.7,68.0,.480,23.1,29.2,.791,11.6,30.4,42.0,20.9,7.8,6.4,14.6,22.5,108.6,2009
2,Los Angeles Lakers*,82,241.2,40.3,85.1,.474,6.7,18.5,.361,33.7,66.6,.505,19.6,25.5,.770,12.4,31.5,43.9,23.3,8.8,5.1,13.5,20.7,106.9,2009
3,New York Knicks,82,241.5,38.5,86.5,.445,10.0,27.9,.360,28.5,58.6,.486,18.2,23.2,.784,11.1,31.0,42.1,21.2,7.4,2.5,14.3,20.4,105.2,2009
4,Indiana Pacers,82,241.8,39.3,86.3,.455,8.0,21.0,.378,31.3,65.3,.480,18.6,23.0,.807,11.3,32.5,43.7,21.6,7.0,5.3,14.5,23.1,105.1,2009
5,Denver Nuggets*,82,240.6,37.3,79.4,.470,6.7,18.0,.371,30.6,61.4,.499,23.1,30.3,.760,11.0,30.6,41.6,22.2,8.7,6.0,15.3,22.9,104.3,2009
6,Utah Jazz*,82,242.4,38.3,80.8,.475,4.8,13.7,.349,33.5,67.1,.500,22.1,28.7,.771,11.5,29.5,41.0,24.7,8.8,4.6,14.8,22.3,103.6,2009
7,Chicago Bulls*,82,243.0,38.1,83.5,.457,6.0,15.8,.381,32.1,67.7,.474,19.9,25.0,.796,11.8,30.3,42.1,21.1,7.5,5.5,14.5,20.8,102.2,2009
8,Dallas Mavericks*,82,241.5,38.1,82.6,.462,7.0,19.9,.350,31.2,62.7,.498,18.5,22.6,.819,11.1,31.6,42.7,21.7,7.2,5.2,12.7,19.5,101.7,2009
9,Orlando Magic*,82,240.6,35.7,78.2,.457,10.0,26.2,.381,25.8,52.1,.495,19.6,27.5,.715,10.0,33.3,43.3,19.4,7.0,5.4,13.9,20.3,101.0,2009
10,Boston Celtics*,82,242.4,37.5,77.2,.486,6.6,16.5,.397,30.9,60.7,.510,19.4,25.3,.765,10.6,31.5,42.1,22.7,7.6,4.7,15.6,23.1,100.9,2009
11,Sacramento Kings,82,242.7,36.5,81.5,.447,7.1,19.4,.368,29.3,62.1,.472,20.5,25.7,.798,10.2,28.9,39.1,19.7,6.9,4.3,15.4,23.3,100.6,2009
12,Cleveland Cavaliers*,82,241.2,36.9,78.7,.468,8.0,20.4,.393,28.9,58.3,.495,18.6,24.5,.757,10.8,31.4,42.2,20.3,7.2,5.3,12.7,20.3,100.3,2009
13,Portland Trail Blazers*,82,241.8,36.8,79.2,.465,7.3,19.0,.383,29.5,60.2,.490,18.5,24.2,.765,12.9,28.8,41.7,20.3,6.7,4.9,12.9,20.4,99.4,2009
14,Milwaukee Bucks,82,241.2,36.7,82.4,.445,6.2,17.2,.363,30.5,65.2,.467,19.7,25.2,.780,11.9,28.9,40.7,22.0,7.4,3.8,14.1,24.2,99.3,2009
15,,,,,,,,,,,,,,,,,,,,,,,,,2009
16,Toronto Raptors,82,241.5,37.2,81.4,.458,5.8,15.7,.372,31.4,65.7,.478,18.7,22.7,.824,9.8,30.6,40.4,22.4,6.4,4.8,13.4,19.4,99.0,2009
17,Houston Rockets*,82,241.5,36.1,79.6,.453,7.6,20.2,.375,28.5,59.4,.480,18.7,23.2,.805,10.5,32.5,43.0,20.3,6.7,4.3,14.1,18.9,98.4,2009
18,Miami Heat*,82,243.4,37.0,81.0,.457,7.1,19.9,.357,29.9,61.2,.489,17.2,22.8,.754,10.1,29.4,39.5,20.4,7.9,5.5,12.5,20.7,98.3,2009
19,Atlanta Hawks*,82,240.3,36.0,78.7,.458,7.3,19.9,.366,28.8,58.8,.490,18.7,25.4,.737,10.6,29.4,40.0,20.2,7.4,4.6,12.8,19.6,98.1,2009
20,New Jersey Nets,82,241.8,35.7,79.7,.448,8.0,21.2,.376,27.7,58.5,.473,18.8,24.1,.779,10.4,29.5,39.8,20.0,6.8,4.8,13.1,22.4,98.1,2009
21,Minnesota Timberwolves,82,241.5,36.4,82.5,.441,6.6,18.8,.353,29.8,63.7,.467,18.3,23.9,.769,11.9,29.8,41.7,20.4,6.2,3.9,14.2,21.8,97.8,2009
22,Philadelphia 76ers*,82,240.9,36.5,79.7,.459,4.2,13.1,.318,32.4,66.6,.486,20.1,27.0,.745,12.7,28.5,41.2,20.1,8.0,5.1,14.1,20.1,97.4,2009
23,San Antonio Spurs*,82,242.7,37.1,79.7,.466,7.6,19.8,.386,29.5,59.9,.492,15.2,20.0,.761,8.9,32.2,41.0,21.2,5.8,4.0,11.7,18.9,97.0,2009
24,Oklahoma City Thunder,82,241.5,36.6,81.9,.447,4.0,11.6,.346,32.6,70.3,.463,19.8,25.2,.786,12.2,30.5,42.6,20.3,7.4,4.5,16.2,20.2,97.0,2009
25,Washington Wizards,82,240.3,36.5,81.2,.450,4.8,14.6,.330,31.7,66.5,.476,18.2,23.8,.767,11.7,28.4,40.1,20.0,7.5,4.5,14.0,20.5,96.1,2009
26,New Orleans Hornets*,82,240.9,35.5,77.6,.457,6.8,18.6,.364,28.7,59.0,.487,18.0,22.4,.807,9.8,29.9,39.7,19.6,7.2,4.1,12.5,20.3,95.8,2009
27,Los Angeles Clippers,82,242.4,36.0,81.7,.441,6.5,18.5,.354,29.5,63.2,.467,16.5,22.4,.736,10.9,29.0,39.8,21.0,7.0,5.9,14.9,20.1,95.1,2009
28,Detroit Pistons*,82,242.7,36.4,80.0,.454,4.6,13.2,.349,31.8,66.8,.475,16.9,22.5,.751,11.6,29.9,41.4,20.6,6.0,4.6,11.9,20.9,94.2,2009
29,Memphis Grizzlies,82,241.5,34.9,77.0,.454,4.9,13.5,.360,30.1,63.5,.474,19.1,25.3,.756,10.3,28.5,38.8,17.4,7.5,4.7,15.3,21.7,93.9,2009
30,Charlotte Bobcats,82,243.0,35.0,76.8,.455,6.0,16.3,.366,29.0,60.5,.479,17.7,24.0,.740,10.8,28.9,39.7,21.2,7.1,4.8,15.6,21.4,93.6,2009
0,Phoenix Suns*,82,240.6,40.7,82.8,.492,8.9,21.6,.412,31.8,61.2,.520,19.9,25.8,.770,11.1,31.9,43.0,23.3,5.8,5.1,14.8,20.9,110.2,2010
1,Golden State Warriors,82,240.6,40.6,86.5,.469,7.7,20.6,.375,32.9,65.9,.499,19.9,25.4,.782,9.2,29.2,38.4,22.4,9.3,4.1,14.7,23.0,108.8,2010
2,Denver Nuggets*,82,241.2,38.1,81.4,.468,6.6,18.5,.359,31.5,62.9,.500,23.6,30.6,.772,10.8,30.5,41.4,21.0,8.3,5.1,13.9,22.5,106.5,2010
3,Utah Jazz*,82,240.9,39.4,80.2,.491,5.4,14.7,.364,34.0,65.5,.519,20.2,27.2,.741,10.6,31.6,42.2,26.7,8.2,4.9,15.2,22.7,104.2,2010
4,Toronto Raptors,82,241.2,39.0,80.9,.482,6.3,17.0,.371,32.7,63.8,.512,19.7,25.8,.764,9.8,30.6,40.4,22.0,5.7,4.7,13.4,22.2,104.1,2010
5,Orlando Magic*,82,240.6,36.6,78.0,.470,10.3,27.3,.375,26.4,50.6,.521,19.2,26.5,.724,9.9,33.4,43.2,19.7,6.2,5.6,14.1,19.9,102.8,2010
6,Memphis Grizzlies,82,242.7,39.3,83.8,.469,4.2,12.4,.337,35.1,71.4,.492,19.7,26.9,.733,13.0,30.4,43.5,18.8,7.9,4.9,15.2,20.2,102.5,2010
7,Houston Rockets,82,242.7,37.7,84.4,.447,7.9,22.4,.351,29.9,62.0,.481,19.0,24.7,.772,11.8,30.1,42.0,21.8,7.1,3.9,14.5,20.9,102.4,2010
8,New York Knicks,82,242.4,38.1,83.9,.455,9.1,26.2,.346,29.1,57.7,.504,16.8,21.5,.782,10.2,30.2,40.4,21.6,7.1,3.7,14.0,20.0,102.1,2010
9,Cleveland Cavaliers*,82,241.2,37.8,77.9,.485,7.3,19.3,.381,30.5,58.6,.520,19.1,26.6,.720,9.6,32.8,42.5,22.4,6.9,5.2,13.9,19.4,102.1,2010
10,Dallas Mavericks*,82,242.4,38.3,82.4,.464,6.8,18.3,.372,31.5,64.2,.491,18.6,22.8,.816,10.2,31.5,41.7,23.4,7.6,5.5,12.9,19.1,102.0,2010
11,Los Angeles Lakers*,82,241.8,38.3,83.8,.457,6.5,19.0,.341,31.9,64.8,.492,18.5,24.2,.765,11.9,32.5,44.3,21.1,7.5,4.9,13.4,19.4,101.7,2010
12,Atlanta Hawks*,82,242.1,38.8,82.9,.468,6.4,17.7,.360,32.4,65.2,.497,17.7,23.3,.759,11.8,29.9,41.7,21.8,7.2,5.0,12.0,19.9,101.7,2010
13,Oklahoma City Thunder*,82,241.5,37.4,80.8,.462,5.1,15.0,.340,32.3,65.9,.490,21.7,27.0,.805,11.7,31.8,43.5,20.0,8.0,5.9,15.0,21.3,101.5,2010
14,San Antonio Spurs*,82,241.2,38.4,81.2,.473,6.8,18.9,.358,31.7,62.3,.508,17.8,24.0,.740,10.8,32.0,42.8,22.3,6.3,4.6,13.6,20.4,101.4,2010
15,,,,,,,,,,,,,,,,,,,,,,,,,2010
16,Indiana Pacers,82,240.3,36.8,83.2,.443,8.0,23.1,.348,28.8,60.1,.479,19.1,24.6,.775,9.6,31.9,41.5,21.1,7.1,5.4,15.0,22.5,100.8,2010
17,New Orleans Hornets,82,241.8,38.8,83.4,.464,7.0,19.2,.363,31.8,64.3,.495,15.8,20.3,.778,10.4,29.9,40.3,22.3,7.6,3.7,13.5,19.6,100.2,2010
18,Sacramento Kings,82,242.4,38.3,84.1,.456,5.9,16.9,.349,32.5,67.2,.483,17.4,24.0,.726,11.9,30.7,42.6,20.5,6.9,4.5,15.0,22.3,100.0,2010
19,Boston Celtics*,82,241.2,37.1,76.8,.483,6.1,17.5,.348,31.0,59.3,.523,19.0,25.5,.746,8.7,29.9,38.6,23.5,8.5,4.9,14.9,22.1,99.2,2010
20,Minnesota Timberwolves,82,241.2,37.9,84.4,.449,4.9,14.4,.341,33.0,70.0,.471,17.5,23.5,.746,11.7,31.2,42.9,19.8,7.3,3.7,16.3,20.7,98.2,2010
21,Portland Trail Blazers*,82,242.1,36.3,78.7,.461,6.0,16.9,.354,30.3,61.8,.490,19.6,24.8,.790,11.1,29.1,40.2,20.4,6.4,4.3,12.3,20.9,98.1,2010
22,Philadelphia 76ers,82,241.5,37.6,81.8,.460,5.8,16.8,.343,31.9,64.9,.491,16.7,22.0,.756,11.5,29.5,41.0,21.0,8.1,5.4,14.5,20.5,97.7,2010
23,Milwaukee Bucks*,82,243.7,37.2,85.3,.436,7.9,22.1,.356,29.3,63.2,.464,15.4,20.4,.755,11.8,31.2,43.0,21.2,7.1,4.7,13.2,22.2,97.7,2010
24,Chicago Bulls*,82,242.7,37.6,83.2,.451,4.3,13.0,.330,33.3,70.2,.474,18.0,23.9,.754,11.4,33.1,44.5,20.8,6.5,5.8,14.3,20.1,97.5,2010
25,Miami Heat*,82,242.4,36.4,79.5,.458,6.0,17.4,.346,30.4,62.1,.489,17.7,23.5,.752,10.7,31.1,41.8,18.9,7.4,5.6,13.2,20.9,96.5,2010
26,Washington Wizards,82,241.8,36.7,81.7,.449,5.3,14.9,.353,31.4,66.8,.471,17.6,23.1,.762,11.8,30.0,41.8,19.0,6.0,5.1,14.9,21.4,96.2,2010
27,Los Angeles Clippers,82,240.3,36.6,80.5,.455,5.9,17.8,.332,30.7,62.7,.490,16.6,22.8,.730,11.3,30.5,41.8,22.1,6.5,5.7,15.7,19.3,95.7,2010
28,Charlotte Bobcats*,82,242.4,34.9,76.9,.453,5.6,16.2,.346,29.2,60.7,.482,20.0,26.6,.751,10.5,30.4,40.8,20.2,7.7,5.4,15.7,19.5,95.3,2010
29,Detroit Pistons,82,241.2,35.9,80.5,.445,4.6,14.5,.314,31.3,66.0,.474,17.7,24.4,.728,12.8,27.3,40.2,19.4,7.3,3.8,13.4,22.2,94.0,2010
30,New Jersey Nets,82,241.2,34.3,79.9,.429,4.6,14.5,.318,29.7,65.5,.454,19.2,24.6,.780,10.9,28.8,39.7,18.8,7.0,4.8,14.4,20.0,92.4,2010
0,Denver Nuggets*,82,240.3,38.4,80.6,.476,8.1,20.8,.388,30.3,59.9,.506,22.7,29.6,.765,9.6,32.3,42.0,22.1,7.4,4.3,14.1,21.0,107.5,2011
1,New York Knicks*,82,241.2,38.3,83.7,.457,9.3,25.4,.368,29.0,58.4,.496,20.6,25.5,.809,10.3,30.1,40.5,21.4,7.6,5.8,13.7,21.3,106.5,2011
2,Houston Rockets,82,242.4,38.7,85.1,.454,8.3,22.5,.367,30.4,62.6,.486,20.3,25.4,.801,11.7,31.1,42.8,23.8,7.1,4.5,13.5,20.0,105.9,2011
3,Phoenix Suns,82,244.0,39.3,83.5,.470,8.5,22.6,.377,30.7,60.8,.505,18.0,23.6,.759,10.0,30.2,40.2,23.7,6.6,4.4,14.3,20.3,105.0,2011
4,Oklahoma City Thunder*,82,244.0,37.4,80.6,.464,5.9,17.1,.347,31.5,63.5,.495,24.1,29.3,.823,11.0,31.8,42.8,20.4,8.0,5.9,14.1,22.4,104.8,2011
5,San Antonio Spurs*,82,241.2,38.4,80.8,.475,8.4,21.1,.397,30.0,59.8,.503,18.5,24.2,.767,10.1,31.7,41.9,22.4,7.3,4.5,13.4,19.0,103.7,2011
6,Golden State Warriors,82,241.8,39.6,85.9,.461,8.4,21.3,.392,31.3,64.6,.484,15.7,20.7,.761,11.6,28.9,40.5,22.5,9.0,5.0,14.6,22.0,103.4,2011
7,Miami Heat*,82,241.2,37.0,76.8,.481,6.7,18.0,.370,30.3,58.8,.515,21.5,27.9,.769,9.6,32.5,42.1,20.0,6.6,5.2,13.9,20.4,102.1,2011
8,Los Angeles Lakers*,82,241.8,38.1,82.4,.463,6.4,18.1,.352,31.8,64.3,.494,18.8,24.1,.779,12.1,31.9,44.0,22.0,7.3,5.1,13.1,19.0,101.5,2011
9,Minnesota Timberwolves,82,241.2,37.7,85.5,.441,7.2,19.1,.376,30.5,66.5,.459,18.5,24.1,.768,13.2,31.2,44.4,20.1,7.2,5.1,17.0,22.3,101.1,2011
10,Dallas Mavericks*,82,240.3,37.4,78.8,.475,7.9,21.6,.365,29.6,57.3,.516,17.5,22.6,.777,9.5,31.9,41.4,23.8,6.8,4.3,14.0,19.2,100.2,2011
11,Memphis Grizzlies*,82,242.4,39.0,82.9,.471,3.8,11.3,.334,35.3,71.6,.492,18.1,24.2,.750,11.8,29.2,41.0,20.6,9.4,5.4,14.0,20.8,99.9,2011
12,Indiana Pacers*,82,241.2,36.6,82.8,.442,7.1,20.2,.354,29.5,62.6,.471,19.4,24.8,.782,11.1,32.4,43.5,19.6,7.1,5.6,15.4,21.7,99.8,2011
13,Utah Jazz,82,242.4,37.4,80.4,.465,5.3,15.3,.346,32.1,65.0,.493,19.4,25.1,.771,11.0,28.5,39.5,23.4,7.7,5.9,14.3,22.7,99.4,2011
14,Sacramento Kings,82,242.1,38.2,85.1,.449,5.2,15.6,.335,33.0,69.5,.475,17.7,24.2,.734,13.1,30.8,43.9,20.4,7.4,4.8,16.1,22.0,99.4,2011
15,,,,,,,,,,,,,,,,,,,,,,,,,2011
16,Orlando Magic*,82,241.8,36.0,78.2,.461,9.4,25.6,.366,26.7,52.5,.507,17.7,25.6,.692,10.5,32.7,43.2,20.0,6.7,4.7,14.9,20.0,99.2,2011
17,Toronto Raptors,82,241.2,38.3,82.4,.465,4.2,13.3,.316,34.1,69.1,.494,18.2,24.1,.755,11.7,28.6,40.3,21.9,7.1,4.3,14.7,22.0,99.1,2011
18,Philadelphia 76ers*,82,243.0,38.1,82.6,.461,5.4,15.2,.355,32.7,67.4,.485,17.4,22.6,.770,10.4,31.4,41.8,22.7,7.6,4.3,13.0,19.4,99.0,2011
19,Los Angeles Clippers,82,242.1,36.8,80.4,.457,6.3,18.5,.338,30.5,61.9,.493,18.9,26.7,.707,11.6,30.5,42.1,22.1,7.1,4.9,16.4,21.1,98.6,2011
20,Chicago Bulls*,82,241.8,37.1,80.3,.462,6.2,17.3,.361,30.9,63.1,.489,18.2,24.5,.743,11.8,32.4,44.2,22.3,7.2,5.7,14.2,20.0,98.6,2011
21,Washington Wizards,82,243.0,37.2,84.0,.443,4.8,14.4,.332,32.4,69.6,.465,18.2,24.4,.745,12.4,29.0,41.3,19.4,8.1,6.1,15.3,22.6,97.3,2011
22,Detroit Pistons,82,242.4,37.3,81.1,.460,5.8,15.3,.376,31.5,65.7,.479,16.7,22.6,.737,11.4,27.3,38.6,21.1,7.3,4.0,13.0,19.9,97.0,2011
23,Boston Celtics*,82,241.2,36.9,75.8,.486,5.0,13.6,.365,31.9,62.2,.513,17.8,23.1,.770,7.8,31.0,38.8,23.4,8.2,4.2,14.6,20.5,96.5,2011
24,Portland Trail Blazers*,82,241.5,36.0,80.5,.447,6.3,18.3,.345,29.7,62.1,.477,18.0,22.4,.804,12.1,27.2,39.3,21.2,8.0,4.4,13.0,19.3,96.3,2011
25,Cleveland Cavaliers,82,240.9,35.2,81.1,.434,6.2,18.2,.342,29.0,62.9,.461,18.9,25.3,.745,10.4,29.9,40.3,21.0,6.6,4.2,14.2,20.1,95.5,2011
26,Atlanta Hawks*,82,240.6,36.2,78.4,.462,6.1,17.4,.352,30.1,61.0,.494,16.4,21.1,.779,9.3,30.0,39.3,22.0,6.1,4.2,13.6,19.0,95.0,2011
27,New Orleans Hornets*,82,241.8,35.9,78.2,.459,5.4,15.0,.360,30.5,63.2,.482,17.7,23.1,.765,10.0,30.1,40.1,20.6,7.6,4.4,13.0,21.0,94.9,2011
28,New Jersey Nets,82,244.0,35.6,81.0,.440,5.6,16.3,.343,30.0,64.6,.464,17.4,22.9,.759,11.1,29.8,40.8,21.0,5.6,4.7,14.0,22.0,94.2,2011
29,Charlotte Bobcats,82,241.5,35.0,77.6,.451,4.8,14.7,.327,30.2,63.0,.480,18.4,24.4,.756,10.3,29.8,40.1,21.1,6.4,5.3,14.5,20.0,93.3,2011
30,Milwaukee Bucks,82,241.8,34.3,79.8,.430,5.9,17.2,.342,28.4,62.6,.454,17.4,22.9,.757,10.5,30.2,40.8,18.8,7.5,4.9,13.5,20.5,91.9,2011
0,Denver Nuggets*,66,243.0,39.0,81.9,.476,6.6,19.9,.332,32.4,62.0,.522,19.6,26.7,.735,11.2,31.9,43.1,24.0,8.2,5.0,15.4,19.7,104.1,2012
1,San Antonio Spurs*,66,241.5,39.6,82.8,.478,8.4,21.3,.393,31.2,61.5,.507,16.2,21.6,.748,10.3,32.6,43.0,23.2,7.4,4.4,13.6,17.3,103.7,2012
2,Oklahoma City Thunder*,66,242.3,37.3,79.2,.471,7.2,20.0,.358,30.2,59.3,.509,21.3,26.4,.806,11.0,32.7,43.7,18.5,7.5,8.2,16.3,20.5,103.1,2012
3,Utah Jazz*,66,244.9,38.2,83.8,.456,4.1,12.8,.323,34.1,71.0,.480,19.1,25.3,.754,13.0,31.1,44.2,21.8,8.3,5.8,14.2,21.8,99.7,2012
4,Milwaukee Bucks,66,240.4,37.9,85.6,.443,6.6,19.2,.345,31.3,66.5,.471,16.6,21.4,.774,12.4,30.0,42.5,23.5,8.3,5.1,14.1,19.3,99.0,2012
5,Sacramento Kings,66,241.1,37.7,86.5,.436,6.2,19.7,.316,31.5,66.8,.471,17.1,23.2,.736,13.4,29.5,42.9,19.3,8.5,4.9,14.4,19.5,98.8,2012
6,Miami Heat*,66,243.0,37.1,79.0,.469,5.6,15.6,.359,31.5,63.4,.496,18.8,24.2,.775,10.4,31.2,41.6,20.0,8.9,5.4,15.2,19.4,98.5,2012
7,Phoenix Suns,66,240.0,37.8,82.5,.458,6.7,19.6,.343,31.1,62.9,.494,16.0,21.2,.757,10.9,30.8,41.7,22.5,6.5,5.5,14.1,18.7,98.4,2012
8,Houston Rockets,66,243.4,37.7,84.0,.449,7.2,20.2,.359,30.5,63.8,.477,15.4,19.7,.782,11.7,30.5,42.2,21.3,7.5,4.8,14.5,20.4,98.1,2012
9,Minnesota Timberwolves,66,241.5,35.7,82.3,.433,7.2,21.6,.332,28.5,60.8,.469,19.4,25.2,.771,12.1,31.7,43.7,19.5,6.6,4.4,15.2,18.4,97.9,2012
10,New York Knicks*,66,241.5,35.8,80.8,.443,7.8,23.3,.336,28.0,57.5,.487,18.3,24.8,.741,11.3,30.5,41.7,20.1,9.4,4.2,16.0,21.1,97.8,2012
11,Golden State Warriors,66,241.1,37.7,82.5,.457,7.9,20.5,.388,29.8,62.0,.480,14.4,18.7,.770,9.7,29.5,39.2,22.3,8.0,5.5,13.9,21.4,97.8,2012
12,Indiana Pacers*,66,242.3,35.7,81.4,.438,5.9,16.1,.368,29.7,65.3,.455,20.4,26.1,.782,12.5,31.4,43.9,18.6,7.9,5.4,14.0,21.7,97.7,2012
13,Los Angeles Clippers*,66,241.9,37.0,81.3,.455,7.8,21.8,.357,29.2,59.5,.490,15.8,23.3,.680,12.1,29.4,41.6,21.0,8.4,4.8,13.3,21.2,97.5,2012
14,Los Angeles Lakers*,66,243.4,36.8,80.6,.457,5.5,16.8,.326,31.3,63.7,.491,18.2,24.1,.756,12.1,34.1,46.2,22.5,5.9,5.3,15.1,16.8,97.3,2012
15,,,,,,,,,,,,,,,,,,,,,,,,,2012
16,Portland Trail Blazers,66,241.9,36.4,82.1,.443,7.2,20.9,.346,29.2,61.1,.477,17.2,21.6,.796,11.1,29.5,40.7,20.4,8.0,4.9,14.2,19.0,97.2,2012
17,Atlanta Hawks*,66,244.9,36.8,81.0,.454,7.5,20.2,.370,29.3,60.9,.482,15.5,21.0,.740,9.9,31.3,41.2,22.4,8.1,4.6,14.0,17.8,96.6,2012
18,Chicago Bulls*,66,241.5,37.4,82.8,.452,6.3,16.9,.375,31.0,65.8,.471,15.2,21.1,.722,13.9,32.8,46.7,23.1,6.9,5.9,14.0,17.3,96.3,2012
19,Dallas Mavericks*,66,243.4,36.3,82.0,.443,7.5,22.2,.339,28.8,59.8,.482,15.6,20.2,.771,10.1,32.7,42.8,20.9,8.6,5.1,14.0,18.6,95.8,2012
20,Memphis Grizzlies*,66,241.5,36.7,82.2,.447,4.2,12.9,.326,32.5,69.3,.470,17.3,22.8,.759,12.6,29.5,42.0,19.5,9.6,5.2,14.5,19.9,95.0,2012
21,Orlando Magic*,66,241.9,34.5,78.2,.441,10.2,27.0,.375,24.3,51.2,.475,15.1,22.8,.660,11.2,31.2,42.5,20.0,6.8,4.2,14.9,17.7,94.2,2012
22,Washington Wizards,66,240.4,36.6,83.0,.441,5.2,16.3,.320,31.4,66.7,.470,15.3,21.0,.727,11.7,29.9,41.7,19.1,8.0,6.3,15.3,21.3,93.6,2012
23,Philadelphia 76ers*,66,241.1,37.4,83.6,.448,5.3,14.6,.362,32.2,69.0,.466,13.5,18.2,.742,10.7,32.5,43.2,22.0,8.0,5.2,11.2,17.5,93.6,2012
24,New Jersey Nets,66,240.8,34.3,80.6,.425,7.7,22.4,.342,26.6,58.2,.457,16.9,21.7,.777,11.9,28.5,40.3,19.9,7.5,3.9,15.1,19.2,93.1,2012
25,Cleveland Cavaliers,66,241.9,34.3,81.2,.422,6.7,19.3,.346,27.6,61.9,.446,17.8,24.9,.716,12.7,29.5,42.3,19.8,7.1,4.0,15.4,20.0,93.0,2012
26,Boston Celtics*,66,241.5,35.5,77.1,.460,5.5,15.0,.367,30.0,62.1,.483,15.4,19.8,.778,7.7,31.1,38.8,23.6,7.5,5.5,14.8,19.9,91.8,2012
27,Detroit Pistons,66,241.9,34.7,79.3,.438,4.8,13.9,.346,29.9,65.4,.457,16.6,22.1,.752,11.7,28.5,40.3,18.7,7.0,4.2,15.7,19.6,90.9,2012
28,Toronto Raptors,66,241.9,34.4,78.1,.440,5.5,16.3,.340,28.8,61.8,.467,16.4,21.4,.770,10.6,31.4,42.0,20.9,6.5,4.9,15.2,23.2,90.7,2012
29,New Orleans Hornets,66,241.5,34.8,77.3,.451,3.9,11.8,.333,30.9,65.5,.472,16.0,21.2,.757,11.0,30.2,41.1,20.7,7.4,4.8,15.5,20.1,89.6,2012
30,Charlotte Bobcats,66,240.8,33.2,80.2,.414,4.0,13.5,.295,29.2,66.7,.439,16.5,22.2,.746,10.3,28.7,39.0,20.1,6.0,5.5,14.5,18.9,87.0,2012
0,Denver Nuggets*,82,242.7,40.7,85.2,.478,6.4,18.5,.343,34.4,66.6,.516,18.4,26.2,.701,13.3,31.7,45.0,24.4,9.3,6.5,15.3,20.5,106.1,2013
1,Houston Rockets*,82,241.2,38.1,82.7,.461,10.6,28.9,.366,27.5,53.8,.511,19.2,25.5,.754,11.1,32.3,43.4,23.2,8.3,4.4,16.4,20.3,106.0,2013
2,Oklahoma City Thunder*,82,241.8,38.1,79.3,.481,7.3,19.4,.377,30.8,60.0,.514,22.2,26.8,.828,10.4,33.2,43.6,21.4,8.3,7.6,15.3,20.2,105.7,2013
3,San Antonio Spurs*,82,242.4,39.1,81.4,.481,8.1,21.5,.376,31.1,59.9,.519,16.6,21.0,.791,8.1,33.2,41.3,25.1,8.5,5.4,14.7,17.4,103.0,2013
4,Miami Heat*,82,242.4,38.4,77.4,.496,8.7,22.1,.396,29.6,55.4,.536,17.4,23.0,.754,8.2,30.4,38.6,23.0,8.7,5.4,13.9,18.7,102.9,2013
5,Los Angeles Lakers*,82,240.9,37.1,81.0,.458,8.7,24.6,.355,28.4,56.4,.503,19.3,27.9,.692,11.5,33.3,44.8,22.2,7.0,5.2,15.0,17.9,102.2,2013
6,Golden State Warriors*,82,241.5,38.2,83.4,.458,8.0,19.9,.403,30.1,63.5,.475,16.8,21.3,.790,10.8,34.2,45.0,22.5,6.9,4.2,15.1,21.4,101.2,2013
7,Dallas Mavericks,82,243.7,38.8,84.0,.462,7.4,19.9,.372,31.4,64.2,.489,16.1,20.4,.793,9.4,32.6,41.9,23.2,7.9,5.5,14.0,20.7,101.1,2013
8,Los Angeles Clippers*,82,240.6,38.5,80.6,.478,7.6,21.4,.358,30.9,59.2,.522,16.4,23.0,.711,11.4,30.2,41.6,23.9,9.6,5.6,14.6,20.9,101.1,2013
9,Sacramento Kings,82,241.8,37.6,84.2,.447,7.4,20.5,.363,30.2,63.7,.474,17.5,22.8,.769,11.5,29.1,40.6,20.8,8.2,4.2,14.6,20.9,100.2,2013
10,New York Knicks*,82,240.6,36.5,81.6,.448,10.9,28.9,.376,25.7,52.7,.487,16.0,21.1,.759,10.9,29.7,40.6,19.3,8.2,3.6,12.0,20.1,100.0,2013
11,Milwaukee Bucks*,82,241.8,38.1,87.8,.435,7.3,20.4,.360,30.8,67.4,.457,15.3,20.7,.736,13.0,30.9,44.0,22.9,8.4,6.7,14.1,19.0,98.9,2013
12,Utah Jazz,82,242.4,37.1,81.8,.454,6.2,16.9,.366,31.0,64.9,.477,17.5,23.0,.764,12.1,30.0,42.0,22.7,8.4,6.3,14.8,21.3,98.0,2013
13,Atlanta Hawks*,82,242.1,37.6,81.0,.464,8.6,23.2,.371,29.0,57.8,.501,14.1,19.7,.715,9.2,31.6,40.9,24.5,8.1,4.5,14.9,18.0,98.0,2013
14,Portland Trail Blazers,82,242.1,36.7,81.9,.448,8.2,23.2,.353,28.5,58.7,.486,15.9,20.5,.776,10.7,30.2,40.8,21.8,6.6,4.3,14.7,18.5,97.5,2013
15,Toronto Raptors,82,243.7,36.3,81.5,.446,7.0,20.3,.343,29.4,61.2,.480,17.6,22.3,.788,10.6,29.6,40.2,21.5,7.3,4.8,13.7,22.4,97.2,2013
16,Brooklyn Nets*,82,242.1,35.9,79.8,.450,7.7,21.5,.357,28.2,58.3,.484,17.5,23.9,.731,12.8,30.0,42.8,20.3,7.3,4.8,14.7,18.3,96.9,2013
17,Cleveland Cavaliers,82,240.6,36.5,84.2,.434,6.7,19.3,.346,29.8,64.9,.460,16.8,22.3,.756,12.2,28.8,41.0,20.7,7.9,4.1,14.0,21.2,96.5,2013
18,Minnesota Timberwolves,82,240.6,35.9,81.7,.439,5.5,18.0,.305,30.4,63.7,.477,18.5,24.9,.742,11.9,30.2,42.0,22.4,8.5,4.7,14.8,18.4,95.7,2013
19,Boston Celtics*,81,244.9,37.0,79.7,.465,6.1,17.2,.358,30.9,62.6,.494,16.3,21.0,.776,8.1,31.3,39.3,22.8,8.2,4.5,14.6,21.2,96.5,2013
20,Phoenix Suns,82,241.5,37.3,84.4,.443,5.9,17.7,.330,31.5,66.6,.473,14.7,19.7,.744,11.7,29.9,41.6,22.6,8.0,5.3,15.6,20.6,95.2,2013
21,Detroit Pistons,82,241.5,36.3,81.0,.449,6.3,17.6,.356,30.1,63.4,.474,15.9,22.8,.699,12.1,30.0,42.1,21.2,7.0,4.9,15.1,19.8,94.9,2013
22,Orlando Magic,82,241.2,37.7,84.2,.448,6.2,18.7,.329,31.5,65.5,.482,12.5,16.6,.755,10.9,31.9,42.7,22.8,6.4,4.4,14.5,19.4,94.1,2013
23,New Orleans Hornets,82,241.2,36.0,80.4,.448,6.5,18.0,.363,29.5,62.4,.473,15.5,20.0,.776,12.0,29.6,41.6,21.0,6.3,5.4,14.5,20.4,94.1,2013
24,Indiana Pacers*,81,241.9,35.1,80.6,.436,6.9,19.7,.347,28.3,60.8,.465,17.6,23.6,.746,12.9,33.0,45.9,20.3,7.2,6.3,15.1,20.0,94.7,2013
25,Charlotte Bobcats,82,241.5,34.4,81.1,.425,5.7,17.1,.335,28.7,64.0,.448,18.9,25.1,.750,11.2,29.1,40.3,19.4,7.2,5.8,14.1,19.0,93.4,2013
26,Memphis Grizzlies*,82,241.5,36.1,81.5,.444,4.7,13.5,.345,31.5,68.0,.463,16.5,21.3,.773,12.9,29.8,42.7,20.9,8.6,5.3,14.0,20.2,93.4,2013
27,Washington Wizards,82,242.1,35.5,81.6,.435,6.6,18.2,.365,28.8,63.4,.455,15.6,21.3,.733,10.8,32.3,43.2,21.6,7.3,4.6,15.1,20.5,93.2,2013
28,Chicago Bulls*,82,241.8,35.7,81.7,.437,5.4,15.4,.353,30.2,66.3,.456,16.4,21.2,.773,12.5,30.7,43.2,23.0,7.2,5.1,14.3,19.7,93.2,2013
29,Philadelphia 76ers,82,240.9,37.3,84.1,.444,6.3,17.5,.360,31.0,66.5,.466,12.2,16.8,.729,10.9,30.4,41.3,22.8,7.4,4.7,13.0,18.4,93.2,2013
0,Los Angeles Clippers*,82,240.9,39.1,82.5,.474,8.5,24.0,.352,30.7,58.5,.525,21.2,29.1,.730,10.5,32.5,43.0,24.6,8.6,4.8,13.9,21.5,107.9,2014
1,Houston Rockets*,82,241.8,38.0,80.5,.472,9.5,26.6,.358,28.5,54.0,.529,22.1,31.1,.712,11.2,34.1,45.3,21.4,7.6,5.6,16.1,20.4,107.7,2014
2,Minnesota Timberwolves,82,242.1,38.9,87.5,.444,7.3,21.4,.341,31.6,66.1,.478,21.8,28.1,.778,12.5,32.2,44.7,23.9,8.8,3.6,13.9,18.3,106.9,2014
3,Portland Trail Blazers*,82,242.1,39.1,87.0,.450,9.4,25.3,.372,29.7,61.7,.481,19.1,23.5,.815,12.5,34.0,46.4,23.2,5.5,4.7,13.7,19.2,106.7,2014
4,Oklahoma City Thunder*,82,241.5,39.0,82.7,.471,8.1,22.4,.361,30.9,60.3,.512,20.2,25.0,.806,10.8,33.9,44.7,21.9,8.3,6.1,15.3,22.7,106.2,2014
5,San Antonio Spurs*,82,240.9,40.6,83.5,.486,8.5,21.4,.397,32.0,62.0,.517,15.7,20.0,.785,9.3,34.0,43.3,25.2,7.4,5.1,14.4,18.2,105.4,2014
6,Phoenix Suns,82,240.9,38.7,83.5,.463,9.3,25.1,.372,29.4,58.4,.503,18.5,24.4,.758,11.3,31.7,43.0,19.1,8.4,4.6,15.3,21.9,105.2,2014
7,Dallas Mavericks*,82,241.8,39.6,83.6,.474,8.8,22.9,.384,30.8,60.7,.508,16.8,21.1,.795,10.2,30.7,40.9,23.6,8.6,4.3,13.5,20.0,104.8,2014
8,Denver Nuggets,82,240.9,38.4,85.9,.447,8.6,23.9,.358,29.8,62.0,.481,19.1,26.3,.726,12.3,33.1,45.4,22.4,7.5,5.6,15.9,23.0,104.4,2014
9,Golden State Warriors*,82,241.8,39.5,85.4,.462,9.4,24.8,.380,30.0,60.6,.496,15.9,21.1,.753,10.9,34.4,45.3,23.3,7.8,5.0,15.2,21.8,104.3,2014
10,Los Angeles Lakers,82,240.3,38.3,85.1,.450,9.4,24.8,.381,28.8,60.3,.478,17.0,22.4,.757,9.1,32.0,41.0,24.5,7.5,5.4,15.1,19.8,103.0,2014
11,Miami Heat*,82,242.4,38.3,76.5,.501,8.1,22.3,.364,30.2,54.2,.558,17.5,23.0,.760,7.6,29.2,36.9,22.5,8.9,4.5,14.8,19.5,102.2,2014
12,Toronto Raptors*,82,243.4,36.5,81.9,.445,8.7,23.4,.372,27.8,58.5,.475,19.6,25.1,.782,11.4,31.1,42.5,21.2,7.0,4.2,14.1,23.0,101.3,2014
13,Detroit Pistons,82,241.2,38.8,86.9,.447,6.2,19.3,.321,32.6,67.6,.483,17.3,25.7,.670,14.6,30.8,45.4,20.9,8.4,4.8,14.5,20.3,101.0,2014
14,Atlanta Hawks*,82,241.8,37.3,81.6,.458,9.4,25.8,.363,28.0,55.8,.502,17.0,21.7,.781,8.7,31.3,40.0,24.9,8.3,4.0,15.3,19.2,101.0,2014
15,,,,,,,,,,,,,,,,,,,,,,,,,2014
16,Washington Wizards*,82,244.6,38.7,84.4,.459,7.9,20.8,.380,30.9,63.6,.485,15.3,20.9,.731,10.8,31.4,42.2,23.3,8.1,4.6,14.7,20.4,100.7,2014
17,Sacramento Kings,82,241.8,36.9,82.5,.447,6.0,18.0,.333,30.9,64.5,.479,20.7,27.3,.759,12.1,32.4,44.5,18.9,7.2,3.9,15.2,22.5,100.5,2014
18,New Orleans Pelicans,82,242.1,37.8,82.5,.459,5.9,15.9,.373,31.9,66.6,.479,18.2,23.6,.769,11.4,30.3,41.7,21.3,7.9,6.4,13.8,22.6,99.7,2014
19,Philadelphia 76ers,82,242.1,37.9,87.2,.435,7.0,22.5,.312,30.9,64.7,.477,16.6,23.4,.710,11.6,31.2,42.7,21.8,9.3,4.0,16.9,22.5,99.5,2014
20,New York Knicks,82,242.1,36.9,82.2,.449,9.3,24.9,.372,27.7,57.3,.482,15.5,20.4,.761,10.6,29.7,40.3,20.0,7.7,4.5,13.0,22.1,98.6,2014
21,Brooklyn Nets*,82,242.4,35.7,77.9,.459,8.6,23.4,.369,27.1,54.5,.497,18.4,24.4,.753,8.8,29.4,38.1,20.9,8.6,3.8,14.5,21.7,98.5,2014
22,Cleveland Cavaliers,82,243.0,37.0,84.8,.437,7.1,20.0,.356,29.9,64.8,.461,17.0,22.7,.751,12.1,32.1,44.1,21.2,7.1,3.7,14.2,20.0,98.2,2014
23,Charlotte Bobcats*,82,242.7,36.3,82.1,.442,6.3,17.9,.351,30.0,64.1,.468,18.0,24.4,.737,9.5,33.2,42.7,21.7,6.1,5.1,12.3,18.2,96.9,2014
24,Indiana Pacers*,82,241.2,36.0,80.2,.449,6.7,18.8,.357,29.3,61.4,.477,18.1,23.3,.779,10.2,34.5,44.7,20.1,6.7,5.4,15.1,20.4,96.7,2014
25,Orlando Magic,82,243.4,36.9,82.7,.445,6.9,19.5,.353,30.0,63.3,.474,15.9,20.9,.763,9.7,32.4,42.0,21.0,7.7,4.3,14.9,20.5,96.5,2014
26,Boston Celtics,82,240.6,36.5,83.9,.435,7.0,21.1,.333,29.5,62.9,.470,16.2,20.8,.777,12.0,30.5,42.5,21.0,7.1,4.2,15.4,21.3,96.2,2014
27,Memphis Grizzlies*,82,241.5,38.1,82.0,.464,4.9,14.0,.353,33.1,68.0,.487,15.1,20.3,.741,11.6,30.8,42.4,21.9,7.7,4.6,13.7,19.1,96.1,2014
28,Milwaukee Bucks,82,242.4,36.0,82.2,.438,6.7,18.9,.353,29.3,63.2,.464,16.8,22.5,.747,11.8,29.3,41.1,21.5,6.6,4.9,15.1,20.9,95.5,2014
29,Utah Jazz,82,241.2,36.0,81.1,.444,6.6,19.2,.344,29.4,61.9,.474,16.4,22.0,.747,11.0,30.2,41.2,20.3,7.0,4.5,14.6,20.7,95.0,2014
30,Chicago Bulls*,82,243.0,34.7,80.2,.432,6.2,17.8,.348,28.5,62.4,.456,18.1,23.3,.779,11.4,32.7,44.1,22.7,7.2,5.2,14.9,19.1,93.7,2014
0,Golden State Warriors*,82,240.6,41.6,87.0,.478,10.8,27.0,.398,30.8,60.0,.514,16.0,20.8,.768,10.4,34.3,44.7,27.4,9.3,6.0,14.5,19.9,110.0,2015
1,Los Angeles Clippers*,82,240.6,39.4,83.3,.473,10.1,26.9,.376,29.3,56.4,.519,17.9,25.2,.710,9.6,33.1,42.6,24.8,7.8,5.0,12.3,21.3,106.7,2015
2,Dallas Mavericks*,82,242.4,39.7,85.8,.463,8.9,25.4,.352,30.8,60.4,.509,16.9,22.5,.752,10.5,31.8,42.3,22.5,8.1,4.5,13.0,20.0,105.2,2015
3,Toronto Raptors*,82,242.1,37.9,83.3,.455,8.9,25.1,.352,29.0,58.2,.499,19.3,24.6,.787,10.7,30.8,41.5,20.7,7.5,4.4,12.9,20.9,104.0,2015
4,Oklahoma City Thunder,82,241.8,38.8,86.8,.447,7.7,22.7,.339,31.1,64.1,.486,18.6,24.6,.754,12.8,34.7,47.5,20.5,7.3,5.5,14.7,22.3,104.0,2015
5,Houston Rockets*,82,241.5,37.0,83.3,.444,11.4,32.7,.348,25.6,50.6,.506,18.6,26.0,.715,11.7,32.0,43.7,22.2,9.5,5.0,16.7,22.0,103.9,2015
6,San Antonio Spurs*,82,243.4,39.1,83.6,.468,8.3,22.5,.367,30.9,61.1,.505,16.7,21.4,.780,9.8,33.8,43.6,24.4,8.0,5.4,14.0,19.1,103.2,2015
7,Cleveland Cavaliers*,82,241.2,37.7,82.2,.458,10.1,27.5,.367,27.6,54.7,.504,17.7,23.6,.751,11.1,31.9,43.0,22.1,7.4,4.1,14.3,18.4,103.1,2015
8,Portland Trail Blazers*,82,242.1,38.7,86.0,.450,9.8,27.2,.362,28.9,58.8,.491,15.5,19.4,.801,10.7,35.1,45.9,21.9,6.4,4.5,13.6,18.2,102.8,2015
9,Atlanta Hawks*,82,240.6,38.1,81.7,.466,10.0,26.2,.380,28.1,55.5,.506,16.5,21.2,.778,8.7,31.8,40.6,25.7,9.1,4.6,14.2,17.8,102.5,2015
10,Phoenix Suns,82,242.4,38.8,85.8,.452,8.5,25.0,.341,30.2,60.9,.497,16.4,21.5,.760,10.9,32.2,43.2,20.2,8.5,4.7,15.1,21.3,102.4,2015
11,Denver Nuggets,82,242.4,37.8,87.3,.433,8.0,24.8,.325,29.7,62.5,.476,17.8,24.3,.734,12.3,32.4,44.7,21.8,7.8,4.5,14.2,23.0,101.5,2015
12,Boston Celtics*,82,242.4,38.9,87.9,.443,8.0,24.6,.327,30.9,63.3,.488,15.4,20.5,.754,11.1,32.7,43.8,24.5,8.2,3.6,13.8,21.2,101.4,2015
13,Sacramento Kings,82,242.1,36.7,80.7,.455,5.6,16.5,.341,31.1,64.2,.484,22.3,29.3,.762,10.9,33.3,44.2,20.3,6.7,4.0,16.3,20.7,101.3,2015
14,Chicago Bulls*,82,242.4,36.6,82.9,.442,7.9,22.3,.353,28.7,60.6,.474,19.7,25.2,.783,11.7,34.0,45.7,21.7,6.3,5.8,14.0,18.2,100.8,2015
15,New Orleans Pelicans*,82,241.2,37.9,82.9,.457,7.1,19.3,.370,30.8,63.6,.484,16.4,21.8,.751,11.5,32.0,43.5,22.0,6.7,6.2,13.3,18.7,99.4,2015
16,Washington Wizards*,82,243.4,38.3,82.8,.462,6.1,16.8,.360,32.2,66.0,.488,15.9,21.4,.742,10.5,34.2,44.7,24.0,7.3,4.6,15.0,20.8,98.5,2015
17,Detroit Pistons,82,241.8,37.1,85.8,.432,8.6,24.9,.344,28.5,60.9,.468,15.8,22.4,.703,12.8,32.1,44.9,21.6,7.6,4.7,13.4,19.0,98.5,2015
18,Los Angeles Lakers,82,243.0,37.2,85.6,.435,6.5,18.9,.344,30.8,66.8,.461,17.5,23.6,.741,11.6,32.3,43.9,20.9,7.0,4.5,13.2,21.2,98.5,2015
19,Memphis Grizzlies*,82,242.7,37.8,82.5,.458,5.2,15.2,.339,32.6,67.3,.485,17.6,22.8,.773,10.4,32.1,42.6,21.7,8.5,4.2,13.3,19.1,98.3,2015
20,Brooklyn Nets*,82,243.0,37.4,83.0,.451,6.6,19.9,.331,30.8,63.1,.489,16.6,22.2,.748,10.3,32.0,42.4,20.9,7.0,4.1,13.8,19.3,98.0,2015
21,Milwaukee Bucks*,82,243.0,37.6,82.0,.459,6.6,18.3,.363,31.0,63.7,.486,16.0,21.1,.757,10.7,31.4,42.1,23.6,9.6,4.9,16.7,22.1,97.8,2015
22,Minnesota Timberwolves,82,241.5,36.4,83.2,.438,5.0,14.9,.332,31.5,68.3,.461,20.0,25.7,.776,11.6,29.3,40.9,21.6,8.1,4.0,15.0,19.2,97.8,2015
23,Indiana Pacers,82,242.1,36.6,83.2,.439,7.5,21.2,.352,29.1,62.0,.469,16.7,22.2,.756,10.4,34.4,44.9,21.4,6.2,4.6,14.0,21.2,97.3,2015
24,Orlando Magic,82,240.9,37.5,82.8,.453,6.8,19.5,.347,30.8,63.3,.486,13.9,19.1,.729,10.0,31.8,41.8,20.6,7.9,3.8,14.9,20.9,95.7,2015
25,Utah Jazz,82,240.3,35.4,79.2,.447,7.4,21.7,.343,27.9,57.5,.486,17.0,23.5,.721,12.0,31.9,44.0,19.9,7.6,6.0,15.3,19.3,95.1,2015
26,Miami Heat,82,240.6,35.2,77.2,.456,6.8,20.2,.335,28.4,57.0,.499,17.5,23.7,.741,9.1,30.0,39.1,19.8,7.8,4.5,14.8,20.0,94.7,2015
27,Charlotte Hornets,82,242.7,35.5,84.5,.420,6.1,19.1,.318,29.5,65.4,.450,17.0,22.8,.748,10.0,34.1,44.1,20.2,6.1,5.5,11.9,18.2,94.2,2015
28,Philadelphia 76ers,82,241.5,33.7,82.6,.408,8.4,26.3,.320,25.3,56.3,.449,16.1,23.8,.676,11.9,30.9,42.9,20.5,9.6,5.9,17.7,21.7,92.0,2015
29,New York Knicks,82,242.1,35.1,82.0,.428,6.8,19.7,.347,28.3,62.3,.454,14.8,19.2,.769,10.6,29.8,40.4,21.3,7.0,4.7,14.7,21.6,91.9,2015
0,Golden State Warriors*,82,242.4,42.5,87.3,.487,13.1,31.6,.416,29.4,55.7,.528,16.7,21.8,.763,10.0,36.2,46.2,28.9,8.4,6.1,15.2,20.7,114.9,2016
1,Oklahoma City Thunder*,82,241.8,41.1,86.4,.476,8.3,23.7,.349,32.9,62.6,.524,19.7,25.2,.782,13.1,35.6,48.6,23.0,7.4,5.9,15.9,20.6,110.2,2016
2,Sacramento Kings,82,241.5,40.0,86.4,.464,8.0,22.4,.359,32.0,64.0,.500,18.5,25.5,.725,10.6,33.7,44.2,24.5,8.9,4.5,16.2,20.4,106.6,2016
3,Houston Rockets*,82,241.8,37.7,83.5,.452,10.7,30.9,.347,27.0,52.6,.514,20.4,29.4,.694,11.3,31.7,43.1,22.2,10.0,5.2,15.9,21.8,106.5,2016
4,Boston Celtics*,82,241.2,39.2,89.2,.439,8.7,26.1,.335,30.5,63.1,.483,18.5,23.5,.788,11.6,33.3,44.9,24.2,9.2,4.2,13.7,21.9,105.7,2016
5,Portland Trail Blazers*,82,241.5,38.6,85.9,.450,10.5,28.5,.370,28.1,57.4,.490,17.4,23.0,.754,11.6,33.9,45.5,21.3,6.9,4.6,14.6,21.7,105.1,2016
6,Los Angeles Clippers*,82,241.8,38.3,82.4,.465,9.7,26.7,.364,28.6,55.7,.513,18.2,26.2,.692,8.8,33.3,42.0,22.8,8.6,5.6,13.0,21.3,104.5,2016
7,Cleveland Cavaliers*,82,242.1,38.7,84.0,.460,10.7,29.6,.362,27.9,54.4,.514,16.3,21.7,.748,10.6,33.9,44.5,22.7,6.7,3.9,13.6,20.3,104.3,2016
8,Washington Wizards,82,240.9,39.5,85.8,.460,8.6,24.2,.358,30.8,61.6,.501,16.5,22.5,.730,9.1,32.8,41.8,24.5,8.6,3.9,14.5,20.8,104.1,2016
9,San Antonio Spurs*,82,240.3,40.1,82.9,.484,7.0,18.5,.375,33.2,64.4,.515,16.4,20.4,.803,9.4,34.5,43.9,24.5,8.3,5.9,13.1,17.5,103.5,2016
10,Charlotte Hornets*,82,242.1,37.0,84.4,.439,10.6,29.4,.362,26.4,55.0,.479,18.7,23.7,.790,9.0,35.0,43.9,21.7,7.3,5.3,12.6,18.1,103.4,2016
11,Atlanta Hawks*,82,241.8,38.6,84.4,.458,9.9,28.4,.350,28.7,56.1,.512,15.6,20.0,.783,8.3,33.8,42.1,25.6,9.1,5.9,15.0,19.1,102.8,2016
12,New Orleans Pelicans,82,241.2,38.5,85.9,.448,8.6,23.8,.360,29.9,62.1,.482,17.3,22.2,.776,9.5,33.1,42.6,22.2,7.7,4.2,13.4,20.9,102.7,2016
13,Toronto Raptors*,82,241.2,36.7,81.3,.451,8.6,23.4,.370,28.0,58.0,.483,20.8,26.7,.777,10.2,33.2,43.4,18.7,7.8,5.5,13.1,19.6,102.7,2016
14,Minnesota Timberwolves,82,242.4,37.7,81.3,.464,5.5,16.4,.338,32.2,64.9,.496,21.4,27.0,.792,10.0,31.5,41.6,23.4,8.0,4.6,15.0,20.7,102.4,2016
15,,,,,,,,,,,,,,,,,,,,,,,,,2016
16,Dallas Mavericks*,82,244.0,37.4,84.1,.444,9.8,28.6,.344,27.5,55.6,.495,17.7,22.3,.794,9.2,33.9,43.1,22.1,6.8,3.7,12.8,19.5,102.3,2016
17,Indiana Pacers*,82,242.4,38.3,85.2,.450,8.1,23.0,.351,30.2,62.1,.486,17.4,22.8,.764,10.3,33.9,44.2,21.2,9.0,4.8,14.9,20.0,102.2,2016
18,Orlando Magic,82,242.7,39.5,86.8,.455,7.8,22.2,.350,31.8,64.7,.492,15.2,20.1,.757,10.3,33.0,43.3,23.6,8.2,5.1,14.1,20.7,102.1,2016
19,Detroit Pistons*,82,242.4,37.9,86.4,.439,9.0,26.2,.345,28.9,60.2,.480,17.1,25.5,.668,12.5,33.9,46.3,19.4,7.0,3.7,13.5,19.0,102.0,2016
20,Denver Nuggets,82,241.8,37.7,85.4,.442,8.0,23.7,.338,29.7,61.7,.482,18.5,24.1,.766,11.5,33.1,44.6,22.7,7.4,4.8,14.7,21.0,101.9,2016
21,Chicago Bulls,82,242.7,38.6,87.4,.441,7.9,21.4,.371,30.7,66.1,.464,16.5,21.0,.787,11.1,35.2,46.3,22.8,6.0,5.7,13.9,18.8,101.6,2016
22,Phoenix Suns,82,240.3,37.2,85.6,.435,9.0,25.8,.348,28.2,59.8,.472,17.5,23.2,.751,11.5,33.3,44.8,20.7,7.7,3.8,17.2,22.7,100.9,2016
23,Miami Heat*,82,241.8,38.4,81.7,.470,6.1,18.0,.336,32.3,63.6,.508,17.1,23.0,.744,9.8,34.3,44.1,20.8,6.7,6.5,14.1,18.3,100.0,2016
24,Memphis Grizzlies*,82,241.8,36.8,83.6,.440,6.1,18.5,.331,30.7,65.1,.471,19.3,24.7,.783,11.2,30.5,41.6,20.7,8.8,4.3,13.3,21.7,99.1,2016
25,Milwaukee Bucks,82,241.8,38.4,82.2,.467,5.4,15.6,.345,33.0,66.6,.495,17.0,22.7,.747,10.5,31.2,41.7,23.1,8.2,5.8,15.2,20.7,99.0,2016
26,Brooklyn Nets,82,240.9,38.2,84.4,.453,6.5,18.4,.352,31.8,66.0,.481,15.7,20.7,.757,10.5,31.9,42.4,22.3,7.6,4.0,14.8,18.0,98.6,2016
27,New York Knicks,82,241.5,36.9,84.0,.439,7.4,21.5,.346,29.4,62.5,.471,17.2,21.4,.805,10.4,34.0,44.4,20.5,5.7,5.7,13.4,19.7,98.4,2016
28,Utah Jazz,82,243.4,36.1,80.4,.449,8.5,23.9,.355,27.6,56.5,.488,17.1,23.0,.744,10.7,32.5,43.2,19.0,7.7,5.2,14.9,20.2,97.7,2016
29,Philadelphia 76ers,82,241.5,36.2,84.0,.431,9.3,27.5,.339,26.9,56.5,.476,15.7,22.6,.694,9.5,31.8,41.2,21.5,8.3,6.0,16.4,21.7,97.4,2016
30,Los Angeles Lakers,82,240.6,35.1,84.8,.414,7.8,24.6,.317,27.3,60.2,.454,19.3,24.7,.781,10.7,32.3,43.0,18.0,7.2,4.1,13.7,20.3,97.3,2016
0,Golden State Warriors*,82,241.2,43.1,87.1,.495,12.0,31.2,.383,31.1,55.8,.557,17.8,22.6,.788,9.4,35.0,44.4,30.4,9.6,6.8,14.8,19.3,115.9,2017
1,Houston Rockets*,82,241.2,40.3,87.2,.462,14.4,40.3,.357,25.9,46.9,.552,20.3,26.5,.766,10.9,33.5,44.4,25.2,8.2,4.3,15.1,19.9,115.3,2017
2,Denver Nuggets,82,240.9,41.2,87.7,.469,10.6,28.8,.368,30.6,58.9,.519,18.7,24.2,.774,11.8,34.6,46.4,25.3,6.9,3.9,15.0,19.1,111.7,2017
3,Cleveland Cavaliers*,82,242.4,39.9,84.9,.470,13.0,33.9,.384,26.9,51.0,.528,17.5,23.3,.748,9.3,34.4,43.7,22.7,6.6,4.0,13.7,18.1,110.3,2017
4,Washington Wizards*,82,242.1,41.3,87.0,.475,9.2,24.8,.372,32.1,62.3,.515,17.3,22.1,.784,10.3,32.6,42.9,23.9,8.5,4.1,14.2,21.3,109.2,2017
5,Los Angeles Clippers*,82,240.9,39.5,83.2,.475,10.3,27.4,.375,29.3,55.8,.525,19.3,26.0,.745,9.0,34.0,43.0,22.5,7.5,4.2,13.0,19.8,108.7,2017
6,Boston Celtics*,82,240.9,38.6,85.1,.454,12.0,33.4,.359,26.6,51.7,.515,18.7,23.2,.807,9.1,32.9,42.0,25.2,7.5,4.1,13.3,20.6,108.0,2017
7,Portland Trail Blazers*,82,243.0,39.5,86.1,.459,10.4,27.7,.375,29.2,58.4,.499,18.5,23.7,.780,10.1,33.5,43.7,21.1,7.0,5.0,13.7,21.2,107.9,2017
8,Phoenix Suns,82,241.8,39.9,88.5,.450,7.5,22.6,.332,32.4,65.9,.491,20.4,26.3,.776,11.9,33.1,45.0,19.6,8.2,4.9,15.4,24.8,107.7,2017
9,Toronto Raptors*,82,241.2,39.2,84.4,.464,8.8,24.3,.363,30.3,60.0,.505,19.7,24.7,.796,10.6,32.6,43.3,18.5,8.3,4.9,12.7,20.8,106.9,2017
10,Oklahoma City Thunder*,82,241.5,39.5,87.4,.452,8.4,25.8,.327,31.0,61.6,.504,19.2,25.8,.745,12.2,34.4,46.6,21.0,7.9,5.0,15.0,20.9,106.6,2017
11,Brooklyn Nets,82,240.9,37.8,85.2,.444,10.7,31.6,.338,27.1,53.6,.506,19.4,24.6,.788,8.8,35.1,43.9,21.4,7.2,4.7,16.5,21.0,105.8,2017
12,Minnesota Timberwolves,82,241.5,39.5,84.4,.467,7.3,21.0,.349,32.1,63.4,.507,19.3,24.2,.799,11.4,31.0,42.4,23.7,8.0,4.5,14.0,20.1,105.6,2017
13,San Antonio Spurs*,82,241.5,39.3,83.7,.469,9.2,23.5,.391,30.1,60.2,.500,17.6,22.0,.797,10.0,33.9,43.9,23.8,8.0,5.9,13.4,18.3,105.3,2017
14,Indiana Pacers*,82,242.1,39.3,84.5,.465,8.6,23.0,.376,30.6,61.5,.498,17.9,22.1,.810,9.0,33.0,42.0,22.5,8.2,5.0,13.8,19.5,105.1,2017
15,,,,,,,,,,,,,,,,,,,,,,,,,2017
16,Charlotte Hornets,82,241.8,37.7,85.4,.442,10.0,28.6,.351,27.7,56.7,.488,19.4,23.8,.815,8.8,34.8,43.6,23.1,7.0,4.8,11.5,16.6,104.9,2017
17,Los Angeles Lakers,82,240.3,39.3,87.4,.450,8.9,25.7,.346,30.4,61.6,.493,17.0,22.6,.754,11.4,32.1,43.5,20.9,8.2,3.9,15.2,20.7,104.6,2017
18,New Orleans Pelicans,82,242.7,39.1,87.0,.450,9.4,26.8,.350,29.8,60.2,.495,16.7,22.3,.750,8.6,35.1,43.7,22.8,7.8,5.5,12.9,18.2,104.3,2017
19,New York Knicks,82,242.1,39.6,88.5,.447,8.6,24.7,.348,31.0,63.8,.485,16.6,21.1,.788,12.0,33.2,45.2,21.8,7.1,5.5,13.9,20.3,104.3,2017
20,Milwaukee Bucks*,82,241.2,38.8,81.9,.474,8.8,23.7,.370,30.0,58.2,.516,17.2,22.4,.768,8.8,31.6,40.4,24.2,8.1,5.3,14.0,20.2,103.6,2017
21,Miami Heat,82,241.2,39.0,85.8,.455,9.9,27.0,.365,29.2,58.8,.496,15.2,21.6,.706,10.6,33.0,43.6,21.2,7.2,5.7,13.4,20.5,103.2,2017
22,Atlanta Hawks*,82,242.4,38.1,84.4,.451,8.9,26.1,.341,29.2,58.3,.501,18.1,24.9,.728,10.3,34.1,44.3,23.6,8.2,4.8,15.8,18.2,103.2,2017
23,Chicago Bulls*,82,241.2,38.6,87.1,.444,7.6,22.3,.340,31.0,64.8,.479,18.0,22.5,.798,12.2,34.1,46.3,22.6,7.8,4.8,13.6,17.7,102.9,2017
24,Sacramento Kings,82,242.4,37.9,82.1,.461,9.0,23.9,.376,28.9,58.2,.496,18.1,23.3,.775,8.7,32.3,41.1,22.5,7.6,4.0,14.6,20.3,102.8,2017
25,Philadelphia 76ers,82,241.8,37.7,85.3,.442,10.1,29.8,.340,27.5,55.5,.496,17.0,22.0,.771,9.8,33.0,42.8,23.8,8.4,5.1,16.7,21.9,102.4,2017
26,Detroit Pistons,82,241.5,39.9,88.8,.449,7.7,23.4,.330,32.2,65.5,.492,13.9,19.3,.719,11.1,34.6,45.7,21.1,7.0,3.8,11.9,17.9,101.3,2017
27,Orlando Magic,82,241.5,38.3,87.0,.440,8.5,26.1,.328,29.7,60.9,.488,16.0,21.4,.747,9.8,33.3,43.2,22.2,7.1,4.8,13.3,19.3,101.1,2017
28,Utah Jazz*,82,240.9,37.0,79.5,.466,9.6,26.0,.372,27.3,53.5,.511,17.1,22.9,.747,9.4,33.8,43.2,20.1,6.7,5.0,13.6,18.8,100.7,2017
29,Memphis Grizzlies*,82,242.7,36.4,83.6,.435,9.4,26.5,.354,27.0,57.1,.473,18.3,23.4,.784,10.8,32.0,42.8,21.3,8.0,4.2,12.9,22.4,100.5,2017
30,Dallas Mavericks,82,241.2,36.2,82.3,.440,10.7,30.2,.355,25.5,52.2,.489,14.8,18.5,.801,7.9,30.7,38.6,20.8,7.5,3.7,11.9,19.1,97.9,2017
0,Golden State Warriors*,82,240.6,42.8,85.1,.503,11.3,28.9,.391,31.5,56.2,.560,16.6,20.3,.815,8.4,35.1,43.5,29.3,8.0,7.5,15.5,19.6,113.5,2018
1,Houston Rockets*,82,240.9,38.7,84.2,.460,15.3,42.3,.362,23.4,41.9,.558,19.6,25.1,.781,9.0,34.5,43.5,21.5,8.5,4.8,13.8,19.5,112.4,2018
2,New Orleans Pelicans*,82,243.4,42.7,88.3,.483,10.2,28.2,.362,32.5,60.1,.540,16.1,20.9,.772,8.7,35.7,44.3,26.8,8.0,5.9,14.9,19.1,111.7,2018
3,Toronto Raptors*,82,241.8,41.3,87.4,.472,11.8,33.0,.358,29.5,54.4,.541,17.3,21.8,.794,9.8,34.2,44.0,24.3,7.6,6.1,13.4,21.7,111.7,2018
4,Cleveland Cavaliers*,82,240.6,40.4,84.8,.476,12.0,32.1,.372,28.4,52.6,.540,18.1,23.3,.779,8.5,33.7,42.1,23.4,7.1,3.8,13.7,18.6,110.9,2018
5,Denver Nuggets,82,242.4,40.7,86.6,.470,11.5,30.9,.371,29.2,55.7,.525,17.1,22.3,.767,11.0,33.5,44.5,25.1,7.6,4.9,15.0,18.7,110.0,2018
6,Philadelphia 76ers*,82,241.2,40.8,86.6,.472,11.0,29.8,.369,29.9,56.7,.526,17.1,22.8,.752,10.9,36.5,47.4,27.1,8.3,5.1,16.5,22.1,109.8,2018
7,Minnesota Timberwolves*,82,241.5,41.0,86.1,.476,8.0,22.5,.357,33.0,63.6,.519,19.4,24.1,.804,10.3,31.6,42.0,22.7,8.4,4.2,12.5,18.2,109.5,2018
8,Los Angeles Clippers,82,240.3,40.3,85.4,.471,9.5,26.8,.354,30.8,58.6,.525,19.0,25.5,.743,10.1,33.7,43.9,22.3,7.7,4.5,14.7,20.0,109.0,2018
9,Charlotte Hornets,82,241.2,39.0,86.7,.450,10.0,27.2,.369,28.9,59.4,.487,20.2,27.0,.747,10.1,35.4,45.5,21.6,6.8,4.5,12.7,17.2,108.2,2018
10,Los Angeles Lakers,82,242.7,40.7,88.4,.461,10.0,29.1,.345,30.7,59.3,.517,16.6,23.3,.714,10.7,35.7,46.4,23.8,7.7,4.7,15.8,21.2,108.1,2018
11,Oklahoma City Thunder*,82,241.8,39.9,88.1,.453,10.7,30.4,.354,29.1,57.7,.505,17.3,24.2,.716,12.5,32.6,45.1,21.3,9.1,5.0,14.0,20.2,107.9,2018
12,Washington Wizards*,82,242.1,39.9,85.6,.467,9.9,26.5,.375,30.0,59.1,.508,16.8,21.8,.772,10.0,33.1,43.1,25.2,7.9,4.3,14.6,21.3,106.6,2018
13,Brooklyn Nets,82,242.1,38.2,86.8,.441,12.7,35.7,.356,25.5,51.1,.500,17.4,22.6,.772,9.7,34.8,44.4,23.7,6.2,4.8,15.2,20.6,106.6,2018
14,Milwaukee Bucks*,82,241.8,39.7,83.0,.478,8.8,24.7,.355,31.0,58.3,.531,18.3,23.4,.783,8.4,31.5,39.8,23.2,8.8,5.4,13.8,21.4,106.5,2018
15,,,,,,,,,,,,,,,,,,,,,,,,,2018
16,Portland Trail Blazers*,82,240.9,39.3,87.0,.452,10.3,28.1,.366,29.0,58.8,.493,16.7,20.9,.800,10.2,35.3,45.5,19.5,7.0,5.2,13.5,19.5,105.6,2018
17,Indiana Pacers*,82,240.9,40.8,86.4,.472,9.0,24.5,.369,31.8,61.9,.513,14.9,19.2,.779,9.6,32.7,42.3,22.2,8.8,4.1,13.3,18.8,105.6,2018
18,New York Knicks,82,241.8,40.7,87.7,.464,8.2,23.3,.352,32.5,64.4,.504,14.9,19.0,.787,10.5,33.6,44.0,23.3,6.7,5.1,14.7,20.5,104.5,2018
19,Utah Jazz*,82,240.9,38.3,82.9,.462,10.8,29.6,.366,27.5,53.3,.515,16.8,21.5,.779,9.0,34.2,43.3,22.4,8.6,5.1,14.7,19.6,104.1,2018
20,Boston Celtics*,82,241.5,38.3,85.1,.450,11.5,30.4,.377,26.9,54.7,.491,16.0,20.7,.771,9.4,35.1,44.5,22.5,7.4,4.5,14.0,19.7,104.0,2018
21,Phoenix Suns,82,240.3,38.5,87.1,.442,9.3,27.9,.334,29.1,59.2,.492,17.7,23.9,.741,10.3,33.9,44.1,21.3,6.9,4.5,15.7,22.0,103.9,2018
22,Detroit Pistons,82,241.5,39.1,86.9,.450,10.8,28.9,.373,28.3,58.0,.488,14.7,19.8,.745,10.1,33.6,43.7,22.8,7.7,3.9,13.5,18.4,103.8,2018
23,Miami Heat*,82,243.0,38.8,85.3,.455,11.0,30.6,.360,27.8,54.8,.508,14.7,19.5,.755,9.3,34.2,43.5,22.7,7.6,5.3,14.4,20.1,103.4,2018
24,Orlando Magic,82,240.6,38.8,85.9,.452,10.3,29.3,.351,28.5,56.5,.504,15.5,20.5,.757,8.8,32.8,41.6,23.4,7.6,4.9,14.5,19.3,103.4,2018
25,Atlanta Hawks,82,240.3,38.2,85.5,.446,11.2,31.0,.360,27.0,54.5,.495,15.8,20.2,.785,9.1,32.8,41.9,23.7,7.8,4.2,15.6,19.6,103.4,2018
26,Chicago Bulls,82,242.1,38.7,88.8,.435,11.0,31.1,.355,27.6,57.8,.478,14.6,19.2,.759,9.6,35.0,44.7,23.5,7.6,3.5,14.0,19.2,102.9,2018
27,San Antonio Spurs*,82,240.6,39.0,85.4,.457,8.5,24.1,.352,30.6,61.2,.499,16.1,20.9,.772,10.4,33.9,44.2,22.8,7.7,5.6,13.1,17.2,102.7,2018
28,Dallas Mavericks,82,241.5,38.1,85.9,.444,11.8,32.8,.360,26.4,53.1,.496,14.2,18.7,.763,8.1,33.1,41.3,22.7,7.0,3.8,12.3,19.2,102.3,2018
29,Memphis Grizzlies,82,240.3,36.7,82.8,.444,9.2,26.2,.352,27.5,56.5,.486,16.6,21.1,.786,9.5,31.0,40.5,21.5,7.5,4.8,15.0,23.2,99.3,2018
30,Sacramento Kings,82,240.9,38.8,86.1,.450,9.0,24.0,.375,29.8,62.1,.479,12.3,16.7,.735,9.5,31.4,40.9,21.6,7.8,4.1,13.7,20.0,98.8,2018
0,Milwaukee Bucks*,82,241.2,43.4,91.1,.476,13.5,38.2,.353,29.9,52.9,.565,17.9,23.2,.773,9.3,40.4,49.7,26.0,7.5,5.9,13.9,19.6,118.1,2019
1,Golden State Warriors*,82,241.5,44.0,89.8,.491,13.3,34.4,.385,30.8,55.3,.557,16.3,20.4,.801,9.7,36.5,46.2,29.4,7.6,6.4,14.3,21.4,117.7,2019
2,New Orleans Pelicans,82,240.9,43.7,92.2,.473,10.3,29.9,.344,33.4,62.4,.536,17.8,23.4,.761,11.1,36.2,47.3,27.0,7.4,5.4,14.8,21.1,115.4,2019
3,Philadelphia 76ers*,82,241.5,41.5,88.2,.471,10.8,30.2,.359,30.7,58.0,.529,21.2,27.5,.771,10.9,36.9,47.8,26.9,7.4,5.3,14.9,21.3,115.2,2019
4,Los Angeles Clippers*,82,241.8,41.3,87.5,.471,10.0,25.8,.388,31.3,61.7,.507,22.6,28.5,.792,9.7,35.8,45.5,24.0,6.8,4.7,14.5,23.3,115.1,2019
5,Portland Trail Blazers*,82,242.1,42.3,90.6,.467,11.0,30.7,.359,31.3,59.8,.523,19.0,23.3,.814,11.8,36.2,48.0,23.0,6.7,5.0,13.8,20.4,114.7,2019
6,Oklahoma City Thunder*,82,242.1,42.6,94.0,.454,11.4,32.6,.348,31.3,61.3,.510,17.8,25.0,.713,12.6,35.5,48.1,23.4,9.3,5.2,14.0,22.4,114.5,2019
7,Toronto Raptors*,82,242.4,42.2,89.1,.474,12.4,33.8,.366,29.8,55.3,.539,17.7,22.0,.804,9.6,35.6,45.2,25.4,8.3,5.3,14.0,21.0,114.4,2019
8,Sacramento Kings,82,240.6,43.2,93.1,.464,11.3,29.9,.378,31.9,63.2,.504,16.5,22.7,.726,11.0,34.4,45.4,25.4,8.3,4.4,13.4,21.4,114.2,2019
9,Washington Wizards,82,243.0,42.1,90.1,.468,11.3,33.3,.341,30.8,56.8,.543,18.4,23.9,.768,9.7,32.7,42.4,26.3,8.3,4.6,14.1,20.7,114.0,2019
10,Houston Rockets*,82,241.8,39.2,87.4,.449,16.1,45.4,.356,23.1,42.0,.551,19.3,24.4,.791,10.2,31.9,42.1,21.2,8.5,4.9,13.3,22.0,113.9,2019
11,Atlanta Hawks,82,242.1,41.4,91.8,.451,13.0,37.0,.352,28.4,54.8,.518,17.6,23.4,.752,11.6,34.5,46.1,25.8,8.2,5.1,17.0,23.6,113.3,2019
12,Minnesota Timberwolves,82,241.8,41.6,91.3,.456,10.1,28.7,.351,31.5,62.5,.504,19.1,24.3,.787,11.3,33.5,44.8,24.6,8.3,5.0,13.1,20.3,112.5,2019
13,Boston Celtics*,82,241.2,42.1,90.5,.465,12.6,34.5,.365,29.5,56.0,.527,15.6,19.5,.802,9.8,34.7,44.5,26.3,8.6,5.3,12.8,20.4,112.4,2019
14,Brooklyn Nets*,82,243.7,40.3,89.7,.449,12.8,36.2,.353,27.5,53.6,.513,19.0,25.5,.745,11.0,35.6,46.6,23.8,6.6,4.1,15.1,21.5,112.2,2019
15,,,,,,,,,,,,,,,,,,,,,,,,,2019
16,Los Angeles Lakers,82,241.2,42.6,90.5,.470,10.3,31.0,.333,32.2,59.6,.541,16.3,23.3,.699,10.2,36.4,46.6,25.6,7.5,5.4,15.7,20.7,111.8,2019
17,Utah Jazz*,82,240.9,40.4,86.4,.468,12.1,34.0,.356,28.3,52.4,.541,18.8,25.5,.736,10.0,36.4,46.4,26.0,8.1,5.9,15.1,21.1,111.7,2019
18,San Antonio Spurs*,82,241.5,42.3,88.4,.478,9.9,25.3,.392,32.4,63.1,.513,17.2,21.0,.819,9.2,35.5,44.7,24.5,6.1,4.7,12.1,18.1,111.7,2019
19,Charlotte Hornets,82,241.8,40.2,89.8,.448,11.9,33.9,.351,28.3,55.8,.507,18.4,23.1,.797,9.9,33.9,43.8,23.2,7.2,4.9,12.2,18.9,110.7,2019
20,Denver Nuggets*,82,240.6,41.9,90.0,.466,11.0,31.4,.351,30.9,58.7,.527,15.8,20.9,.755,11.9,34.5,46.4,27.4,7.7,4.4,13.4,20.0,110.7,2019
21,Dallas Mavericks,82,241.2,38.8,86.9,.447,12.5,36.6,.340,26.3,50.2,.524,18.8,25.3,.742,10.1,35.2,45.3,23.4,6.5,4.3,14.2,20.1,108.9,2019
22,Indiana Pacers*,82,240.3,41.3,87.0,.475,9.5,25.4,.374,31.8,61.6,.517,15.8,21.1,.752,9.3,33.7,43.0,26.0,8.7,4.9,13.7,19.4,108.0,2019
23,Phoenix Suns,82,242.4,40.1,87.4,.459,9.6,29.3,.329,30.5,58.1,.525,17.6,22.7,.779,9.1,31.3,40.4,23.9,9.0,5.1,15.6,23.6,107.5,2019
24,Orlando Magic*,82,241.2,40.4,89.1,.454,11.4,32.1,.356,29.0,57.0,.509,15.0,19.2,.782,10.0,35.4,45.4,25.5,6.6,5.4,13.2,18.6,107.3,2019
25,Detroit Pistons*,82,242.1,38.8,88.3,.440,12.1,34.8,.348,26.7,53.5,.500,17.3,23.1,.747,11.4,33.6,45.0,22.5,6.9,4.0,13.8,22.1,107.0,2019
26,Miami Heat,82,240.6,39.6,88.0,.450,11.3,32.4,.349,28.3,55.6,.509,15.1,21.7,.695,11.2,35.1,46.3,24.3,7.6,5.5,14.7,20.9,105.7,2019
27,Chicago Bulls,82,242.7,39.8,87.9,.453,9.1,25.9,.351,30.7,62.0,.496,16.2,20.7,.783,8.8,34.1,42.9,21.9,7.4,4.3,14.1,20.3,104.9,2019
28,New York Knicks,82,241.2,38.2,88.3,.433,10.0,29.5,.340,28.2,58.8,.479,18.1,23.9,.759,10.5,34.3,44.7,20.1,6.8,5.1,14.0,20.9,104.6,2019
29,Cleveland Cavaliers,82,240.9,38.9,87.6,.444,10.3,29.1,.355,28.6,58.5,.488,16.4,20.7,.792,10.7,31.9,42.7,20.7,6.5,2.4,13.5,20.0,104.5,2019
30,Memphis Grizzlies,82,242.4,38.0,84.4,.450,9.9,28.9,.342,28.1,55.6,.505,17.7,23.0,.772,8.8,33.0,41.8,23.9,8.3,5.5,14.0,22.0,103.5,2019
0,Dallas Mavericks*,75,242.3,41.7,90.3,.461,15.1,41.3,.367,26.5,49.0,.541,18.6,23.8,.779,10.5,36.4,46.9,24.7,6.1,4.8,12.7,19.5,117.0,2020
1,Milwaukee Bucks*,73,241.0,43.3,90.9,.476,13.8,38.9,.355,29.5,52.0,.567,18.3,24.7,.742,9.5,42.2,51.7,25.9,7.2,5.9,15.1,19.6,118.7,2020
2,Portland Trail Blazers*,74,241.0,42.2,91.2,.463,12.9,34.1,.377,29.3,57.1,.514,17.7,22.1,.804,10.2,35.1,45.3,20.6,6.3,6.1,12.8,21.7,115.0,2020
3,Houston Rockets*,72,241.4,40.8,90.4,.451,15.6,45.3,.345,25.1,45.2,.557,20.6,26.1,.791,9.8,34.5,44.3,21.6,8.7,5.2,14.7,21.8,117.8,2020
4,Los Angeles Clippers*,72,241.4,41.6,89.2,.466,12.4,33.5,.371,29.1,55.8,.522,20.8,26.3,.791,10.7,37.0,47.7,23.7,7.1,4.7,14.6,22.1,116.3,2020
5,New Orleans Pelicans,72,242.1,42.6,91.6,.465,13.6,36.9,.370,28.9,54.8,.528,17.1,23.4,.729,11.1,35.4,46.5,26.8,7.5,5.0,16.4,21.2,115.8,2020
6,Phoenix Suns,73,241.0,41.2,88.1,.468,11.4,31.8,.358,29.8,56.3,.529,19.9,23.8,.834,9.8,33.8,43.5,27.2,7.7,4.0,14.8,22.0,113.6,2020
7,Washington Wizards,72,241.0,41.5,90.9,.457,12.0,32.6,.368,29.5,58.3,.506,19.4,24.6,.788,10.2,31.9,42.0,25.0,8.0,4.3,14.2,22.7,114.4,2020
8,Memphis Grizzlies,73,240.7,42.5,90.9,.468,10.9,31.5,.347,31.6,59.4,.532,16.6,21.8,.763,10.3,36.2,46.5,26.9,7.9,5.5,15.2,21.2,112.6,2020
9,Boston Celtics*,72,242.1,41.3,89.6,.461,12.6,34.5,.364,28.7,55.0,.522,18.6,23.2,.801,10.7,35.4,46.1,23.0,8.3,5.6,13.8,21.6,113.7,2020
10,Miami Heat*,73,243.1,39.5,84.4,.468,13.4,35.4,.379,26.0,49.0,.532,19.7,25.2,.783,8.5,35.9,44.4,25.9,7.5,4.5,14.9,20.6,112.0,2020
11,Denver Nuggets*,73,243.1,42.0,88.9,.473,11.0,30.6,.359,31.1,58.3,.533,16.2,20.9,.777,10.8,33.4,44.1,26.7,8.0,4.6,13.8,20.3,111.3,2020
12,Toronto Raptors*,72,241.4,40.2,87.9,.458,13.8,37.0,.374,26.4,50.9,.519,18.5,23.2,.796,9.5,35.9,45.4,25.2,8.8,5.0,14.8,21.7,112.8,2020
13,San Antonio Spurs,71,242.5,42.2,89.4,.472,10.7,28.5,.376,31.5,61.0,.516,19.0,23.4,.810,9.0,35.6,44.6,24.7,7.3,5.5,12.6,19.4,114.1,2020
14,Philadelphia 76ers*,73,241.0,41.1,87.9,.468,11.6,31.6,.368,29.5,56.3,.524,16.9,22.4,.755,10.5,35.0,45.4,25.8,8.0,5.3,14.2,20.9,110.7,2020
15,,,,,,,,,,,,,,,,,,,,,,,,,2020
16,Los Angeles Lakers*,71,240.7,42.3,88.3,.480,11.0,31.6,.349,31.3,56.7,.552,17.7,24.3,.729,10.7,35.1,45.7,25.4,8.6,6.6,15.2,20.7,113.4,2020
17,Brooklyn Nets*,72,242.8,40.4,90.3,.448,13.1,38.1,.343,27.3,52.1,.524,17.9,24.1,.745,10.6,37.3,47.9,24.5,6.4,4.5,15.3,21.0,111.8,2020
18,Utah Jazz*,72,241.0,40.1,85.1,.471,13.4,35.2,.380,26.7,49.9,.535,17.8,22.8,.779,9.1,35.8,44.9,22.4,6.1,4.1,15.1,20.4,111.3,2020
19,Indiana Pacers*,73,241.4,42.1,88.5,.476,10.2,28.0,.363,31.9,60.4,.529,15.0,19.1,.787,8.7,34.1,42.8,25.9,7.4,5.2,13.2,19.8,109.4,2020
20,Oklahoma City Thunder*,72,242.1,40.0,85.5,.468,10.7,30.2,.355,29.3,55.3,.529,19.8,24.8,.796,8.2,34.7,42.9,21.7,7.6,4.9,13.7,19.3,110.4,2020
21,Sacramento Kings,72,242.4,40.9,88.4,.462,12.7,34.9,.364,28.2,53.5,.527,15.7,20.3,.770,9.7,32.9,42.6,23.8,7.7,4.1,14.5,22.2,110.1,2020
22,Orlando Magic*,73,240.7,39.3,88.6,.444,11.1,32.2,.343,28.3,56.4,.502,17.6,22.7,.774,10.3,34.2,44.5,23.9,8.2,5.4,12.8,18.3,107.3,2020
23,Atlanta Hawks,67,243.0,40.6,90.6,.449,12.0,36.1,.333,28.6,54.5,.525,18.5,23.4,.790,9.9,33.4,43.3,24.0,7.8,5.1,16.2,23.1,111.8,2020
24,Minnesota Timberwolves,64,243.1,40.4,91.6,.441,13.3,39.7,.336,27.1,52.0,.521,19.1,25.4,.753,10.5,34.3,44.8,23.8,8.7,5.7,15.3,21.4,113.3,2020
25,Detroit Pistons,66,241.9,39.3,85.7,.459,12.0,32.7,.367,27.3,53.0,.515,16.6,22.4,.743,9.8,32.0,41.7,24.1,7.4,4.5,15.3,19.7,107.2,2020
26,New York Knicks,66,241.9,40.0,89.3,.447,9.6,28.4,.337,30.4,61.0,.499,16.3,23.5,.694,12.0,34.5,46.5,22.1,7.6,4.7,14.3,22.2,105.8,2020
27,Cleveland Cavaliers,65,241.9,40.3,87.9,.458,11.2,31.8,.351,29.1,56.1,.519,15.1,19.9,.758,10.8,33.4,44.2,23.1,6.9,3.2,16.5,18.3,106.9,2020
28,Chicago Bulls,65,241.2,39.6,88.6,.447,12.2,35.1,.348,27.4,53.5,.511,15.5,20.5,.755,10.5,31.4,41.9,23.2,10.0,4.1,15.5,21.8,106.8,2020
29,Golden State Warriors,65,241.9,38.6,88.2,.438,10.4,31.3,.334,28.2,56.9,.495,18.7,23.2,.803,10.0,32.9,42.8,25.6,8.2,4.6,14.9,20.1,106.3,2020
30,Charlotte Hornets,65,242.3,37.3,85.9,.434,12.1,34.3,.352,25.2,51.6,.489,16.2,21.6,.748,11.0,31.8,42.8,23.8,6.6,4.1,14.6,18.8,102.9,2020